subject,arm,ess,top_share
0,good,595.4698922620137,0.035516485262392594
1,good,381.12934758860536,0.025342866160430678
2,good,1508.3352273932142,0.008291611469726894
3,good,2546.6777199626026,0.004568156941207682
4,good,1738.6300525633173,0.007436671455187412
5,good,2073.9523211118085,0.00348373646527999
6,good,1605.7470327761896,0.007657001656634951
7,good,2154.227432041534,0.004755874568677817
8,good,2640.4312984468647,0.0034291762071208885
9,good,1696.9532741753048,0.007654177620642359
10,good,424.2259726946276,0.03363516316397544
11,good,3216.9563787361385,0.0014753756887980474
12,good,1974.0341801736859,0.0032789931337610027
13,good,2279.50897455685,0.0047906792158166
14,good,2513.845998223306,0.003932402605377342
15,good,2157.1775077545212,0.004205251368164094
16,good,1374.7141811342344,0.011633283484915548
17,good,971.957537508884,0.018907031588487534
18,good,2224.517789913596,0.006165175973010214
19,good,1588.1066989007543,0.0050979339279558404
20,good,2928.9418018266947,0.0015149801115476448
21,good,1747.2331173451141,0.008776952669484602
22,good,2558.3571429184385,0.0031019290797359893
23,good,1613.7394279829264,0.007495394580067753
24,good,2415.781617634219,0.0035589354152086076
25,good,1865.6057287798137,0.004225398635582899
26,good,1532.9621152197512,0.008131905342704367
27,good,2340.320196390839,0.004793709488455475
28,good,2404.418141528963,0.004014976266586753
29,good,2197.8278455658638,0.004240142250760559
30,good,1913.351334023064,0.005455589014899071
31,good,931.1693956768063,0.017638808650624664
32,good,1206.2660113817253,0.020355773302828537
33,good,1928.5555560535975,0.008937596664146785
34,good,2440.5518362890707,0.003933293184756284
35,good,1393.1607738435994,0.012199088137233022
36,good,839.6189342439118,0.014449008684763481
37,good,1426.3568389076804,0.007764907548009207
38,good,986.8580760994503,0.01706292579308285
39,good,299.46071852970084,0.03916475436515167
40,good,2544.3914440250396,0.005417367469062896
41,good,770.96428921602,0.026126357598688615
42,good,64.05102997343499,0.12118918513188247
43,good,2549.4177152768143,0.0027162519576616564
44,good,10.695292764720037,0.3052871606861308
45,good,3087.7282596131727,0.002048412888894589
46,good,1718.7254772658441,0.007108412400213654
47,good,2175.306597617969,0.004506965090589887
48,good,1755.1096641742865,0.006461533733329764
49,good,2209.94282025829,0.0062176074096841885
50,good,1604.178709971062,0.00794102864304993
51,good,2636.356979978756,0.0046850060132330295
52,good,947.3700518076739,0.021702829973078853
53,good,2261.9198890946896,0.0036662792126770953
54,good,128.90619144036498,0.07021162091845273
55,good,2587.802652336843,0.004182450562016054
56,good,2171.658025595044,0.0028357443415285943
57,good,1651.587467584588,0.00842352616166856
58,good,3033.938044635532,0.0017476770852158836
59,good,1743.9078678177234,0.008159399212476917
60,good,1749.1050160573573,0.0071660639467198105
61,good,2036.6494039937315,0.006496844606642954
62,good,1522.267511305472,0.008613032975400474
63,good,1417.6188598610308,0.0063515891044398035
64,good,2236.1412147676015,0.003452624207279809
65,good,1535.8951463307517,0.014477720302909192
66,good,1992.0479625389066,0.0046486666270239485
67,good,1204.8643872108873,0.009414740438291824
68,good,2668.9611594056655,0.0022960128283701863
69,good,1829.705859854538,0.005684732043225536
70,good,884.1576480796052,0.011321855650569508
71,good,1526.1236218448823,0.01376416502486664
72,good,2242.5936204186364,0.007325119314736507
73,good,2706.5157602762147,0.002884143183864232
74,good,1696.1258262622155,0.008549401535429789
75,good,2773.6684881217247,0.0033543720274581976
76,good,2276.847220356289,0.004257628478849595
77,good,2326.2180226743594,0.003715587606926614
78,good,1814.718380839178,0.008569990129642458
79,good,1472.744899690793,0.010047556732527196
80,good,2429.8259401659793,0.0038878178136170422
81,good,2245.849716041201,0.005386212982250397
82,good,2811.1942450665783,0.0037506746121674112
83,good,2347.3832942579743,0.006309968347938435
84,good,590.5993335908124,0.029729532057906516
85,good,1397.4763738778076,0.013455358557162346
86,good,2093.6915722477465,0.004800051287194105
87,good,1660.5902059679522,0.011909732990827548
88,good,1741.9002877375506,0.00782437207425853
89,good,1195.310134385435,0.011193015714405093
90,good,2568.5413212090116,0.00443806525538148
91,good,1570.1955373170958,0.00832783978157141
92,good,2418.568643816108,0.005568032759573306
93,good,1025.2613883985346,0.022676729798607624
94,good,1582.5639217900682,0.00629439452097155
95,good,1707.5135539402993,0.009708368899718392
96,good,563.1987596146328,0.025020144699566444
97,good,850.6986654096363,0.017076554082552448
98,good,1993.4911133839976,0.005203778416336661
99,good,1969.4741837898014,0.004908059009729734
100,good,885.9992871244699,0.01089156459181225
101,good,2067.691606713977,0.005326452452502142
102,good,2629.2678159371176,0.0026961723288710863
103,good,1186.4154817773397,0.007618104548168846
104,good,984.650479894517,0.016260309654197
105,good,2439.4700438979976,0.002944145071744848
106,good,1354.992630671869,0.004322074259576929
107,good,2425.7309450136554,0.004029770185539022
108,good,989.9593707320736,0.011710388565571397
109,good,1766.8886530549378,0.006612448585588828
110,good,1085.7241351177775,0.01461971093220782
111,good,2146.803981476588,0.006617768961777859
112,good,2436.7241459024926,0.004168258017554432
113,good,903.3833259605652,0.013221302415858789
114,good,2430.020946570139,0.005000909447703219
115,good,2831.908026968129,0.002905106067160897
116,good,2582.4449569482185,0.0036115783802386694
117,good,1229.7619571828186,0.014908427378780929
118,good,1190.5111758796638,0.012712389403376101
119,good,2112.9213630820923,0.004558140987352053
0,bad,789.5569272501892,0.008546441704996261
1,bad,533.6665180014235,0.005251729300083821
2,bad,1028.1077539057812,0.01105231674719825
3,bad,1294.9590176325999,0.008287112898228506
4,bad,1475.6211124480903,0.0043621266993269965
5,bad,2054.9329500099334,0.004317946358901509
6,bad,746.6788778832747,0.01340728342128827
7,bad,910.162812236043,0.007286008987326266
8,bad,870.8414802453891,0.006035324508257192
9,bad,1145.8874373228552,0.0037233037103032466
10,bad,215.14418576891794,0.01913972687601454
11,bad,926.6002165100591,0.008404710554519135
12,bad,1337.4779207073184,0.0018921278624404081
13,bad,1077.6766405124436,0.013010391589685729
14,bad,1351.9007820852141,0.011059563295621076
15,bad,1654.191074345835,0.006853952397220587
16,bad,1013.3751726021949,0.0041989314065670035
17,bad,782.586071629482,0.006183471516778981
18,bad,1053.8280359444075,0.004753459563537743
19,bad,263.23326538786034,0.02930940606593429
20,bad,1190.7203215585162,0.006886682729741137
21,bad,1356.7720956132987,0.002400014185863553
22,bad,1478.6487653693139,0.0037920919646632517
23,bad,1253.9996757600609,0.0020318749531945826
24,bad,2472.3894185882586,0.003098746765248803
25,bad,1178.071724501673,0.0059836866027208405
26,bad,503.4055558949852,0.006121836379279236
27,bad,2715.850424412642,0.0025134986908738415
28,bad,1625.6866206433158,0.0028815794955412595
29,bad,1592.0125300519026,0.0034571327846572362
30,bad,486.87863842609084,0.010832207269404641
31,bad,1299.8472708651836,0.002140928051181467
32,bad,1078.1966788098423,0.004479632537257287
33,bad,1210.3487910364358,0.0037339838491559714
34,bad,1563.2131957667507,0.002956024146796347
35,bad,961.8888338833639,0.00682351280612369
36,bad,174.74393961541708,0.01894620733102675
37,bad,915.190661879582,0.020268941130465398
38,bad,1084.865232133767,0.0034750470907994025
39,bad,1204.8439225365894,0.0018988803123814195
40,bad,1763.0060970172522,0.0025373490826737476
41,bad,539.5724762772317,0.008070117932537755
42,bad,307.47537402932795,0.01069522664044157
43,bad,2230.3103742668936,0.0023737645993654843
44,bad,578.973214041931,0.0058049692022551025
45,bad,1076.4257140858126,0.0073832673554781545
46,bad,586.771221217708,0.005018659928052297
47,bad,1189.72033321351,0.004385866514985115
48,bad,1827.630228979601,0.00388803200011841
49,bad,1796.1248319959939,0.003995733531381094
50,bad,815.7783283767923,0.004655694673131812
51,bad,1620.5240455156468,0.010474925461836431
52,bad,1786.388294238017,0.0030315496735517666
53,bad,2037.0876817265168,0.0028004974419196024
54,bad,263.4514297071785,0.008030956928220558
55,bad,1371.029639735432,0.002726174325256399
56,bad,1594.071354121446,0.0038772409787345523
57,bad,1234.5354043797445,0.010541815574628792
58,bad,1623.4297808072743,0.004583385571385046
59,bad,1031.6843600511127,0.0030632350676216983
60,bad,663.8565328567707,0.005390300032157783
61,bad,697.2740613508862,0.005271528443400982
62,bad,1641.5881812491775,0.0028427352114257388
63,bad,504.9218981788214,0.007982250118348615
64,bad,1731.77840932228,0.0018503962481982697
65,bad,2058.545217095344,0.007408100777182957
66,bad,1260.3649969822886,0.003931738629674573
67,bad,339.5916105817109,0.017077006321921107
68,bad,1527.8387501839934,0.0020927123776268122
69,bad,1703.6852265153052,0.0031283597862810813
70,bad,388.44829525423614,0.00960491383941866
71,bad,1381.7688569320205,0.0021295369276057826
72,bad,935.078877804788,0.006620990805058959
73,bad,2258.6569362874875,0.001897719443427103
74,bad,830.894758594478,0.004122096769865735
75,bad,1345.7506831281792,0.008141319517023743
76,bad,1585.6646703682245,0.0012382327606283718
77,bad,1173.410152116341,0.00391844445346789
78,bad,1289.8623508221067,0.0015859418233263474
79,bad,1687.9701358712334,0.0026089883915684695
80,bad,2700.5109231192037,0.0019637841868091594
81,bad,1417.0232050357406,0.002160345436128243
82,bad,1330.7416324771618,0.003376668819250475
83,bad,2846.539874544383,0.0015066407529236324
84,bad,232.25887900943803,0.026129021038970475
85,bad,706.8498672756645,0.0027309681405329163
86,bad,850.3754153772009,0.018865584944351758
87,bad,1950.0729670052974,0.0013039828162055079
88,bad,913.8598195550911,0.004900126598734655
89,bad,506.38932253911787,0.007247341691200349
90,bad,2045.1182831289454,0.003502191762119954
91,bad,538.0731598970212,0.005508467800188976
92,bad,1089.9252434245564,0.002699416098005741
93,bad,1167.394277496008,0.0020857883016451133
94,bad,726.7919538698372,0.003990708331557722
95,bad,2055.8373260777753,0.0032313208801594663
96,bad,1993.70016521464,0.004044678114430653
97,bad,1057.1249126171492,0.002712659951478485
98,bad,920.6554359558796,0.0026973140771761788
99,bad,1258.9834032627896,0.0027342720347041864
100,bad,240.05624138619265,0.008908588696685763
101,bad,1973.256850599841,0.0023095885861976074
102,bad,960.2376744497432,0.008934305512195392
103,bad,422.4426353053604,0.014578945707583403
104,bad,249.726399059882,0.023098322006908
105,bad,1918.8691387751644,0.0039046956483762786
106,bad,394.3212434974123,0.009345878653412017
107,bad,1984.5227660471282,0.0033363732333468905
108,bad,215.25635455989092,0.010126696668820889
109,bad,1499.364443223795,0.002125641900835089
110,bad,594.2073827301305,0.008354666504967013
111,bad,1997.3348847868347,0.003322098493898338
112,bad,2465.018898786385,0.0014590685386992798
113,bad,392.8578432566825,0.014014788766608987
114,bad,897.4500951519689,0.017635425212093686
115,bad,1817.7625365406614,0.008692522547949366
116,bad,1803.453768989753,0.0030094006203183884
117,bad,636.0005385173853,0.008213508289683355
118,bad,593.0076504822034,0.005636740053263564
119,bad,990.514187234339,0.0045768795919834
