scenario,replicate,seed,posterior,family,K,param,estimate,truth,rel_bias_pct,marginal_ll,mean_ess,n_steps_run,converged,secs,cpu_secs
nonlinear,1,3001,free,gaussian,8,Vmax,7.643627634444234,8.0,-4.45465456944707,-137.04855668500286,1994.593483016389,9000,True,1419.6858801841736,1327.03384
nonlinear,1,3001,free,gaussian,8,Km,2.0725935679873455,2.0,3.629678399367275,-137.04855668500286,1994.593483016389,9000,True,1419.6858801841736,1327.03384
nonlinear,1,3001,free,gaussian,8,V,29.118482331144765,30.0,-2.9383922295174494,-137.04855668500286,1994.593483016389,9000,True,1419.6858801841736,1327.03384
nonlinear,1,3001,free,gaussian,8,om_Vmax,0.3270336534696029,0.3,9.011217823200989,-137.04855668500286,1994.593483016389,9000,True,1419.6858801841736,1327.03384
nonlinear,1,3001,free,gaussian,8,om_V,0.247441598236974,0.2,23.720799118487,-137.04855668500286,1994.593483016389,9000,True,1419.6858801841736,1327.03384
nonlinear,1,3001,free,gaussian,8,sigma,0.2106231708249576,0.2,5.311585412478823,-137.04855668500286,1994.593483016389,9000,True,1419.6858801841736,1327.03384
nonlinear,1,3001,free,gaussian,64,Vmax,7.871776823756703,8.0,-1.6027897030412075,-135.40709554656337,1978.262884442891,5500,True,1446.4774351119995,1348.670082
nonlinear,1,3001,free,gaussian,64,Km,2.107945383803067,2.0,5.397269190153353,-135.40709554656337,1978.262884442891,5500,True,1446.4774351119995,1348.670082
nonlinear,1,3001,free,gaussian,64,V,28.392891396476795,30.0,-5.357028678410683,-135.40709554656337,1978.262884442891,5500,True,1446.4774351119995,1348.670082
nonlinear,1,3001,free,gaussian,64,om_Vmax,0.3276321798823646,0.3,9.210726627454887,-135.40709554656337,1978.262884442891,5500,True,1446.4774351119995,1348.670082
nonlinear,1,3001,free,gaussian,64,om_V,0.2429208337831236,0.2,21.460416891561835,-135.40709554656337,1978.262884442891,5500,True,1446.4774351119995,1348.670082
nonlinear,1,3001,free,gaussian,64,sigma,0.2016079617122868,0.2,0.803980856143402,-135.40709554656337,1978.262884442891,5500,True,1446.4774351119995,1348.670082
nonlinear,1,3001,free,gaussian,1,Vmax,8.209983116211761,8.0,2.624788952647017,-140.9143413769898,1704.3033447858866,15000,True,2041.22300696373,1921.582024
nonlinear,1,3001,free,gaussian,1,Km,2.048857128917122,2.0,2.4428564458560675,-140.9143413769898,1704.3033447858866,15000,True,2041.22300696373,1921.582024
nonlinear,1,3001,free,gaussian,1,V,28.530521025763605,30.0,-4.898263247454651,-140.9143413769898,1704.3033447858866,15000,True,2041.22300696373,1921.582024
nonlinear,1,3001,free,gaussian,1,om_Vmax,0.3255255147943175,0.3,8.508504931439177,-140.9143413769898,1704.3033447858866,15000,True,2041.22300696373,1921.582024
nonlinear,1,3001,free,gaussian,1,om_V,0.2358199620400822,0.2,17.909981020041112,-140.9143413769898,1704.3033447858866,15000,True,2041.22300696373,1921.582024
nonlinear,1,3001,free,gaussian,1,sigma,0.2028339931203939,0.2,1.4169965601969758,-140.9143413769898,1704.3033447858866,15000,True,2041.22300696373,1921.582024
nonlinear,0,3000,free,gaussian,8,Vmax,7.707850214855566,8.0,-3.6518723143054266,-105.98367876380406,2039.4907650558027,13250,True,2052.2185909748077,1930.82793
nonlinear,0,3000,free,gaussian,8,Km,1.952790690412227,2.0,-2.3604654793886515,-105.98367876380406,2039.4907650558027,13250,True,2052.2185909748077,1930.82793
nonlinear,0,3000,free,gaussian,8,V,30.610379099388112,30.0,2.034596997960373,-105.98367876380406,2039.4907650558027,13250,True,2052.2185909748077,1930.82793
nonlinear,0,3000,free,gaussian,8,om_Vmax,0.339659562745659,0.3,13.219854248553023,-105.98367876380406,2039.4907650558027,13250,True,2052.2185909748077,1930.82793
nonlinear,0,3000,free,gaussian,8,om_V,0.174919500338531,0.2,-12.540249830734512,-105.98367876380406,2039.4907650558027,13250,True,2052.2185909748077,1930.82793
nonlinear,0,3000,free,gaussian,8,sigma,0.1918259101247459,0.2,-4.087044937627043,-105.98367876380406,2039.4907650558027,13250,True,2052.2185909748077,1930.82793
nonlinear,0,3000,free,gaussian,64,Vmax,7.911462302991504,8.0,-1.1067212126061987,-106.56470651341382,2075.3046788531597,8750,True,2259.137792110443,2124.439258
nonlinear,0,3000,free,gaussian,64,Km,1.9317743695725944,2.0,-3.4112815213702907,-106.56470651341382,2075.3046788531597,8750,True,2259.137792110443,2124.439258
nonlinear,0,3000,free,gaussian,64,V,29.99821342772047,30.0,-0.0059552409317712,-106.56470651341382,2075.3046788531597,8750,True,2259.137792110443,2124.439258
nonlinear,0,3000,free,gaussian,64,om_Vmax,0.3349281070383361,0.3,11.642702346112031,-106.56470651341382,2075.3046788531597,8750,True,2259.137792110443,2124.439258
nonlinear,0,3000,free,gaussian,64,om_V,0.1740296055309929,0.2,-12.98519723450353,-106.56470651341382,2075.3046788531597,8750,True,2259.137792110443,2124.439258
nonlinear,0,3000,free,gaussian,64,sigma,0.1922842965325431,0.2,-3.857851733728462,-106.56470651341382,2075.3046788531597,8750,True,2259.137792110443,2124.439258
nonlinear,0,3000,free,gaussian,1,Vmax,7.968424627049879,8.0,-0.3946921618765087,-109.36269842768516,1744.0364622935035,17250,True,2357.0544712543488,2222.685337
nonlinear,0,3000,free,gaussian,1,Km,1.974414652948762,2.0,-1.279267352561897,-109.36269842768516,1744.0364622935035,17250,True,2357.0544712543488,2222.685337
nonlinear,0,3000,free,gaussian,1,V,31.207160410639208,30.0,4.023868035464027,-109.36269842768516,1744.0364622935035,17250,True,2357.0544712543488,2222.685337
nonlinear,0,3000,free,gaussian,1,om_Vmax,0.3398710553315699,0.3,13.290351777189978,-109.36269842768516,1744.0364622935035,17250,True,2357.0544712543488,2222.685337
nonlinear,0,3000,free,gaussian,1,om_V,0.1749469378898029,0.2,-12.52653105509853,-109.36269842768516,1744.0364622935035,17250,True,2357.0544712543488,2222.685337
nonlinear,0,3000,free,gaussian,1,sigma,0.1952243238737206,0.2,-2.387838063139691,-109.36269842768516,1744.0364622935035,17250,True,2357.0544712543488,2222.685337
nonlinear,2,3002,free,gaussian,8,Vmax,7.881744495399592,8.0,-1.4781938075051015,-137.55910537683764,2301.936895917775,8000,True,1190.6848549842834,1138.8025540000003
nonlinear,2,3002,free,gaussian,8,Km,1.987181328644153,2.0,-0.6409335677923456,-137.55910537683764,2301.936895917775,8000,True,1190.6848549842834,1138.8025540000003
nonlinear,2,3002,free,gaussian,8,V,28.465233510087423,30.0,-5.115888299708591,-137.55910537683764,2301.936895917775,8000,True,1190.6848549842834,1138.8025540000003
nonlinear,2,3002,free,gaussian,8,om_Vmax,0.2715271071709723,0.3,-9.490964276342568,-137.55910537683764,2301.936895917775,8000,True,1190.6848549842834,1138.8025540000003
nonlinear,2,3002,free,gaussian,8,om_V,0.186203013903618,0.2,-6.898493048190984,-137.55910537683764,2301.936895917775,8000,True,1190.6848549842834,1138.8025540000003
nonlinear,2,3002,free,gaussian,8,sigma,0.2158859154530107,0.2,7.94295772650537,-137.55910537683764,2301.936895917775,8000,True,1190.6848549842834,1138.8025540000003
nonlinear,2,3002,free,gaussian,64,Vmax,7.9123657808142625,8.0,-1.0954277398217194,-137.3383226612192,2564.3713148547167,6000,True,1491.323830127716,1426.2453800000003
nonlinear,2,3002,free,gaussian,64,Km,1.9891309888262056,2.0,-0.5434505586897176,-137.3383226612192,2564.3713148547167,6000,True,1491.323830127716,1426.2453800000003
nonlinear,2,3002,free,gaussian,64,V,29.1458599712673,30.0,-2.8471334291090025,-137.3383226612192,2564.3713148547167,6000,True,1491.323830127716,1426.2453800000003
nonlinear,2,3002,free,gaussian,64,om_Vmax,0.2712433956316188,0.3,-9.585534789460391,-137.3383226612192,2564.3713148547167,6000,True,1491.323830127716,1426.2453800000003
nonlinear,2,3002,free,gaussian,64,om_V,0.1934776884623853,0.2,-3.2611557688073387,-137.3383226612192,2564.3713148547167,6000,True,1491.323830127716,1426.2453800000003
nonlinear,2,3002,free,gaussian,64,sigma,0.2129453702395,0.2,6.472685119750021,-137.3383226612192,2564.3713148547167,6000,True,1491.323830127716,1426.2453800000003
nonlinear,2,3002,free,gaussian,1,Vmax,7.481924479225868,8.0,-6.475944009676649,-142.17638938659866,1648.2283423538706,16250,True,2120.988867044449,2029.44457
nonlinear,2,3002,free,gaussian,1,Km,1.9680157001996827,2.0,-1.5992149900158623,-142.17638938659866,1648.2283423538706,16250,True,2120.988867044449,2029.44457
nonlinear,2,3002,free,gaussian,1,V,28.74372737811062,30.0,-4.187575406297934,-142.17638938659866,1648.2283423538706,16250,True,2120.988867044449,2029.44457
nonlinear,2,3002,free,gaussian,1,om_Vmax,0.2732116807356765,0.3,-8.929439754774487,-142.17638938659866,1648.2283423538706,16250,True,2120.988867044449,2029.44457
nonlinear,2,3002,free,gaussian,1,om_V,0.1795506560492574,0.2,-10.224671975371288,-142.17638938659866,1648.2283423538706,16250,True,2120.988867044449,2029.44457
nonlinear,2,3002,free,gaussian,1,sigma,0.2180757298521197,0.2,9.03786492605986,-142.17638938659866,1648.2283423538706,16250,True,2120.988867044449,2029.44457
nonlinear,3,3003,free,gaussian,1,Vmax,7.964801547644899,8.0,-0.4399806544387652,-83.1407613369072,1874.0401239959745,11250,True,1698.6600229740145,1538.1549839999998
nonlinear,3,3003,free,gaussian,1,Km,1.9053201130705149,2.0,-4.733994346474257,-83.1407613369072,1874.0401239959745,11250,True,1698.6600229740145,1538.1549839999998
nonlinear,3,3003,free,gaussian,1,V,29.533096377723236,30.0,-1.5563454075892125,-83.1407613369072,1874.0401239959745,11250,True,1698.6600229740145,1538.1549839999998
nonlinear,3,3003,free,gaussian,1,om_Vmax,0.3284430477842955,0.3,9.481015928098506,-83.1407613369072,1874.0401239959745,11250,True,1698.6600229740145,1538.1549839999998
nonlinear,3,3003,free,gaussian,1,om_V,0.1735815851115325,0.2,-13.20920744423376,-83.1407613369072,1874.0401239959745,11250,True,1698.6600229740145,1538.1549839999998
nonlinear,3,3003,free,gaussian,1,sigma,0.1832213293509696,0.2,-8.389335324515176,-83.1407613369072,1874.0401239959745,11250,True,1698.6600229740145,1538.1549839999998
nonlinear,3,3003,free,gaussian,64,Vmax,7.356257505072307,8.0,-8.046781186596164,-83.43766292851355,842.0754615124391,3500,True,1091.884773015976,949.3249100000004
nonlinear,3,3003,free,gaussian,64,Km,1.870096366792301,2.0,-6.495181660384953,-83.43766292851355,842.0754615124391,3500,True,1091.884773015976,949.3249100000004
nonlinear,3,3003,free,gaussian,64,V,30.51609940578176,30.0,1.720331352605875,-83.43766292851355,842.0754615124391,3500,True,1091.884773015976,949.3249100000004
nonlinear,3,3003,free,gaussian,64,om_Vmax,0.3030418934422652,0.3,1.0139644807550623,-83.43766292851355,842.0754615124391,3500,True,1091.884773015976,949.3249100000004
nonlinear,3,3003,free,gaussian,64,om_V,0.1872555065768177,0.2,-6.372246711591145,-83.43766292851355,842.0754615124391,3500,True,1091.884773015976,949.3249100000004
nonlinear,3,3003,free,gaussian,64,sigma,0.1920413835028609,0.2,-3.979308248569513,-83.43766292851355,842.0754615124391,3500,True,1091.884773015976,949.3249100000004
nonlinear,3,3003,free,gaussian,8,Vmax,7.579286323782025,8.0,-5.258920952724688,-77.93118764445396,2070.10807989319,10500,True,1830.7424099445343,1640.965106
nonlinear,3,3003,free,gaussian,8,Km,1.9738639811104717,2.0,-1.3068009444764273,-77.93118764445396,2070.10807989319,10500,True,1830.7424099445343,1640.965106
nonlinear,3,3003,free,gaussian,8,V,29.481477999338967,30.0,-1.72840666887011,-77.93118764445396,2070.10807989319,10500,True,1830.7424099445343,1640.965106
nonlinear,3,3003,free,gaussian,8,om_Vmax,0.3230649349146062,0.3,7.688311638202068,-77.93118764445396,2070.10807989319,10500,True,1830.7424099445343,1640.965106
nonlinear,3,3003,free,gaussian,8,om_V,0.1693151488021374,0.2,-15.342425598931284,-77.93118764445396,2070.10807989319,10500,True,1830.7424099445343,1640.965106
nonlinear,3,3003,free,gaussian,8,sigma,0.1777054577764762,0.2,-11.147271111761862,-77.93118764445396,2070.10807989319,10500,True,1830.7424099445343,1640.965106
nonlinear,4,3004,free,gaussian,8,Vmax,7.637728521114464,8.0,-4.528393486069204,-143.55398129233913,2501.5217648806283,7000,True,1287.9812803268433,1120.1009560000002
nonlinear,4,3004,free,gaussian,8,Km,1.868741910353396,2.0,-6.56290448233019,-143.55398129233913,2501.5217648806283,7000,True,1287.9812803268433,1120.1009560000002
nonlinear,4,3004,free,gaussian,8,V,31.13765722060899,30.0,3.792190735363299,-143.55398129233913,2501.5217648806283,7000,True,1287.9812803268433,1120.1009560000002
nonlinear,4,3004,free,gaussian,8,om_Vmax,0.3074082030670575,0.3,2.4694010223525096,-143.55398129233913,2501.5217648806283,7000,True,1287.9812803268433,1120.1009560000002
nonlinear,4,3004,free,gaussian,8,om_V,0.1946544594174809,0.2,-2.672770291259549,-143.55398129233913,2501.5217648806283,7000,True,1287.9812803268433,1120.1009560000002
nonlinear,4,3004,free,gaussian,8,sigma,0.2122794891647325,0.2,6.139744582366268,-143.55398129233913,2501.5217648806283,7000,True,1287.9812803268433,1120.1009560000002
nonlinear,4,3004,free,gaussian,1,Vmax,7.844022096415843,8.0,-1.9497237948019608,-148.4377002521479,1829.3349310445076,10500,True,1663.3634428977966,1455.2748060000004
nonlinear,4,3004,free,gaussian,1,Km,1.844520272345178,2.0,-7.773986382741105,-148.4377002521479,1829.3349310445076,10500,True,1663.3634428977966,1455.2748060000004
nonlinear,4,3004,free,gaussian,1,V,31.75236425115463,30.0,5.841214170515438,-148.4377002521479,1829.3349310445076,10500,True,1663.3634428977966,1455.2748060000004
nonlinear,4,3004,free,gaussian,1,om_Vmax,0.3027066695774772,0.3,0.9022231924924092,-148.4377002521479,1829.3349310445076,10500,True,1663.3634428977966,1455.2748060000004
nonlinear,4,3004,free,gaussian,1,om_V,0.1961710264128889,0.2,-1.91448679355552,-148.4377002521479,1829.3349310445076,10500,True,1663.3634428977966,1455.2748060000004
nonlinear,4,3004,free,gaussian,1,sigma,0.2241213343584278,0.2,12.060667179213931,-148.4377002521479,1829.3349310445076,10500,True,1663.3634428977966,1455.2748060000004
nonlinear,4,3004,free,gaussian,64,Vmax,7.764697450587471,8.0,-2.941281867656609,-143.1784051178795,2367.6190722467054,5500,True,1863.6059420108795,1557.3354170000002
nonlinear,4,3004,free,gaussian,64,Km,1.8685225822257343,2.0,-6.573870888713285,-143.1784051178795,2367.6190722467054,5500,True,1863.6059420108795,1557.3354170000002
nonlinear,4,3004,free,gaussian,64,V,31.127412861496623,30.0,3.75804287165541,-143.1784051178795,2367.6190722467054,5500,True,1863.6059420108795,1557.3354170000002
nonlinear,4,3004,free,gaussian,64,om_Vmax,0.2994321307664593,0.3,-0.1892897445135433,-143.1784051178795,2367.6190722467054,5500,True,1863.6059420108795,1557.3354170000002
nonlinear,4,3004,free,gaussian,64,om_V,0.1914417980626072,0.2,-4.279100968696381,-143.1784051178795,2367.6190722467054,5500,True,1863.6059420108795,1557.3354170000002
nonlinear,4,3004,free,gaussian,64,sigma,0.2116561868154263,0.2,5.828093407713175,-143.1784051178795,2367.6190722467054,5500,True,1863.6059420108795,1557.3354170000002
nonlinear,5,3005,free,gaussian,1,Vmax,7.5705932955891,8.0,-5.367583805136245,-98.3644726727048,2029.3365931011497,10750,True,1720.8542318344116,1506.4155230000006
nonlinear,5,3005,free,gaussian,1,Km,1.9532210067606617,2.0,-2.338949661966916,-98.3644726727048,2029.3365931011497,10750,True,1720.8542318344116,1506.4155230000006
nonlinear,5,3005,free,gaussian,1,V,32.151202988859524,30.0,7.170676629531745,-98.3644726727048,2029.3365931011497,10750,True,1720.8542318344116,1506.4155230000006
nonlinear,5,3005,free,gaussian,1,om_Vmax,0.3074927541978825,0.3,2.4975847326275114,-98.3644726727048,2029.3365931011497,10750,True,1720.8542318344116,1506.4155230000006
nonlinear,5,3005,free,gaussian,1,om_V,0.2079190783798227,0.2,3.959539189911362,-98.3644726727048,2029.3365931011497,10750,True,1720.8542318344116,1506.4155230000006
nonlinear,5,3005,free,gaussian,1,sigma,0.1927515662216668,0.2,-3.624216889166573,-98.3644726727048,2029.3365931011497,10750,True,1720.8542318344116,1506.4155230000006
nonlinear,5,3005,free,gaussian,8,Vmax,7.606967831080002,8.0,-4.912902111499973,-95.26510769988634,2491.219305408898,9500,True,1540.030681848526,1428.0372560000003
nonlinear,5,3005,free,gaussian,8,Km,1.960877419761636,2.0,-1.9561290119182064,-95.26510769988634,2491.219305408898,9500,True,1540.030681848526,1428.0372560000003
nonlinear,5,3005,free,gaussian,8,V,32.2858207817754,30.0,7.619402605917998,-95.26510769988634,2491.219305408898,9500,True,1540.030681848526,1428.0372560000003
nonlinear,5,3005,free,gaussian,8,om_Vmax,0.3081807526909161,0.3,2.7269175636387053,-95.26510769988634,2491.219305408898,9500,True,1540.030681848526,1428.0372560000003
nonlinear,5,3005,free,gaussian,8,om_V,0.2092211592333598,0.2,4.610579616679905,-95.26510769988634,2491.219305408898,9500,True,1540.030681848526,1428.0372560000003
nonlinear,5,3005,free,gaussian,8,sigma,0.1901848127316082,0.2,-4.907593634195892,-95.26510769988634,2491.219305408898,9500,True,1540.030681848526,1428.0372560000003
nonlinear,5,3005,free,gaussian,64,Vmax,7.43468993395576,8.0,-7.066375825552996,-95.22838653654574,2660.4500163395214,7250,True,2008.1870889663696,1836.2629960000013
nonlinear,5,3005,free,gaussian,64,Km,1.9833423820480651,2.0,-0.8328808975967328,-95.22838653654574,2660.4500163395214,7250,True,2008.1870889663696,1836.2629960000013
nonlinear,5,3005,free,gaussian,64,V,32.5387734004203,30.0,8.46257800140099,-95.22838653654574,2660.4500163395214,7250,True,2008.1870889663696,1836.2629960000013
nonlinear,5,3005,free,gaussian,64,om_Vmax,0.3095704085937704,0.3,3.190136197923484,-95.22838653654574,2660.4500163395214,7250,True,2008.1870889663696,1836.2629960000013
nonlinear,5,3005,free,gaussian,64,om_V,0.2200599935296834,0.2,10.029996764841718,-95.22838653654574,2660.4500163395214,7250,True,2008.1870889663696,1836.2629960000013
nonlinear,5,3005,free,gaussian,64,sigma,0.1877413560527241,0.2,-6.129321973637927,-95.22838653654574,2660.4500163395214,7250,True,2008.1870889663696,1836.2629960000013
nonlinear,6,3006,free,gaussian,1,Vmax,7.765878383357986,8.0,-2.926520208025174,-126.27626075715534,1916.370984118088,14000,True,2014.1541769504547,1852.3162489999995
nonlinear,6,3006,free,gaussian,1,Km,2.091980367838358,2.0,4.599018391917897,-126.27626075715534,1916.370984118088,14000,True,2014.1541769504547,1852.3162489999995
nonlinear,6,3006,free,gaussian,1,V,28.99063894841097,30.0,-3.3645368386300945,-126.27626075715534,1916.370984118088,14000,True,2014.1541769504547,1852.3162489999995
nonlinear,6,3006,free,gaussian,1,om_Vmax,0.3408944168451081,0.3,13.631472281702717,-126.27626075715534,1916.370984118088,14000,True,2014.1541769504547,1852.3162489999995
nonlinear,6,3006,free,gaussian,1,om_V,0.1853608171630752,0.2,-7.319591418462403,-126.27626075715534,1916.370984118088,14000,True,2014.1541769504547,1852.3162489999995
nonlinear,6,3006,free,gaussian,1,sigma,0.2045566102647428,0.2,2.2783051323714276,-126.27626075715534,1916.370984118088,14000,True,2014.1541769504547,1852.3162489999995
nonlinear,6,3006,free,gaussian,64,Vmax,8.013138622896063,8.0,0.1642327862007908,-121.452420378877,1801.6551110676344,5750,True,1563.761786222458,1436.132477000001
nonlinear,6,3006,free,gaussian,64,Km,2.110281444759045,2.0,5.514072237952261,-121.452420378877,1801.6551110676344,5750,True,1563.761786222458,1436.132477000001
nonlinear,6,3006,free,gaussian,64,V,28.48185224148406,30.0,-5.060492528386468,-121.452420378877,1801.6551110676344,5750,True,1563.761786222458,1436.132477000001
nonlinear,6,3006,free,gaussian,64,om_Vmax,0.3375871784744547,0.3,12.5290594914849,-121.452420378877,1801.6551110676344,5750,True,1563.761786222458,1436.132477000001
nonlinear,6,3006,free,gaussian,64,om_V,0.2049219181632237,0.2,2.4609590816118545,-121.452420378877,1801.6551110676344,5750,True,1563.761786222458,1436.132477000001
nonlinear,6,3006,free,gaussian,64,sigma,0.2024459698100773,0.2,1.2229849050386514,-121.452420378877,1801.6551110676344,5750,True,1563.761786222458,1436.132477000001
nonlinear,6,3006,free,gaussian,8,Vmax,7.953380387427471,8.0,-0.5827451571566167,-121.31143707691602,2263.138572288508,12250,True,1975.489109992981,1813.871500000001
nonlinear,6,3006,free,gaussian,8,Km,2.0920588379418343,2.0,4.602941897091717,-121.31143707691602,2263.138572288508,12250,True,1975.489109992981,1813.871500000001
nonlinear,6,3006,free,gaussian,8,V,29.07927450810189,30.0,-3.069084972993702,-121.31143707691602,2263.138572288508,12250,True,1975.489109992981,1813.871500000001
nonlinear,6,3006,free,gaussian,8,om_Vmax,0.3351990761666049,0.3,11.733025388868295,-121.31143707691602,2263.138572288508,12250,True,1975.489109992981,1813.871500000001
nonlinear,6,3006,free,gaussian,8,om_V,0.1902222265514478,0.2,-4.888886724276064,-121.31143707691602,2263.138572288508,12250,True,1975.489109992981,1813.871500000001
nonlinear,6,3006,free,gaussian,8,sigma,0.198925427271088,0.2,-0.537286364456005,-121.31143707691602,2263.138572288508,12250,True,1975.489109992981,1813.871500000001
nonlinear,7,3007,free,gaussian,8,Vmax,7.992195857379287,8.0,-0.0975517827589089,-92.51811228263324,2181.6281886248503,6750,True,1064.488482952118,984.572787000001
nonlinear,7,3007,free,gaussian,8,Km,2.004884705259102,2.0,0.2442352629550948,-92.51811228263324,2181.6281886248503,6750,True,1064.488482952118,984.572787000001
nonlinear,7,3007,free,gaussian,8,V,30.32097866408956,30.0,1.069928880298529,-92.51811228263324,2181.6281886248503,6750,True,1064.488482952118,984.572787000001
nonlinear,7,3007,free,gaussian,8,om_Vmax,0.277256483311424,0.3,-7.581172229525332,-92.51811228263324,2181.6281886248503,6750,True,1064.488482952118,984.572787000001
nonlinear,7,3007,free,gaussian,8,om_V,0.1968569546942042,0.2,-1.5715226528978945,-92.51811228263324,2181.6281886248503,6750,True,1064.488482952118,984.572787000001
nonlinear,7,3007,free,gaussian,8,sigma,0.1905910513976347,0.2,-4.704474301182648,-92.51811228263324,2181.6281886248503,6750,True,1064.488482952118,984.572787000001
nonlinear,7,3007,free,gaussian,64,Vmax,7.897880927739103,8.0,-1.2764884032612112,-92.69009342510267,2570.200154213475,5250,True,1387.272635936737,1285.7694699999993
nonlinear,7,3007,free,gaussian,64,Km,2.0543838231071696,2.0,2.71919115535848,-92.69009342510267,2570.200154213475,5250,True,1387.272635936737,1285.7694699999993
nonlinear,7,3007,free,gaussian,64,V,31.363314480938463,30.0,4.544381603128211,-92.69009342510267,2570.200154213475,5250,True,1387.272635936737,1285.7694699999993
nonlinear,7,3007,free,gaussian,64,om_Vmax,0.276859669193011,0.3,-7.713443602329654,-92.69009342510267,2570.200154213475,5250,True,1387.272635936737,1285.7694699999993
nonlinear,7,3007,free,gaussian,64,om_V,0.2000783938485478,0.2,0.0391969242739126,-92.69009342510267,2570.200154213475,5250,True,1387.272635936737,1285.7694699999993
nonlinear,7,3007,free,gaussian,64,sigma,0.1875310419201335,0.2,-6.234479039933225,-92.69009342510267,2570.200154213475,5250,True,1387.272635936737,1285.7694699999993
nonlinear,8,3008,free,gaussian,1,Vmax,8.454119969280622,8.0,5.67649961600778,-117.52699576272836,1663.949283541678,10000,True,1373.365594148636,1276.3857449999996
nonlinear,8,3008,free,gaussian,1,Km,2.0497868647966433,2.0,2.4893432398321647,-117.52699576272836,1663.949283541678,10000,True,1373.365594148636,1276.3857449999996
nonlinear,8,3008,free,gaussian,1,V,28.541280145480517,30.0,-4.862399515064944,-117.52699576272836,1663.949283541678,10000,True,1373.365594148636,1276.3857449999996
nonlinear,8,3008,free,gaussian,1,om_Vmax,0.3221278773405444,0.3,7.375959113514797,-117.52699576272836,1663.949283541678,10000,True,1373.365594148636,1276.3857449999996
nonlinear,8,3008,free,gaussian,1,om_V,0.1627811202262534,0.2,-18.6094398868733,-117.52699576272836,1663.949283541678,10000,True,1373.365594148636,1276.3857449999996
nonlinear,8,3008,free,gaussian,1,sigma,0.1977226155841096,0.2,-1.1386922079451716,-117.52699576272836,1663.949283541678,10000,True,1373.365594148636,1276.3857449999996
nonlinear,7,3007,free,gaussian,1,Vmax,7.9978549255849085,8.0,-0.0268134301886435,-96.22946088370657,1968.93629036855,15500,True,2182.5333819389343,2013.8998429999992
nonlinear,7,3007,free,gaussian,1,Km,2.0282612339073967,2.0,1.4130616953698327,-96.22946088370657,1968.93629036855,15500,True,2182.5333819389343,2013.8998429999992
nonlinear,7,3007,free,gaussian,1,V,30.41114053579544,30.0,1.3704684526514654,-96.22946088370657,1968.93629036855,15500,True,2182.5333819389343,2013.8998429999992
nonlinear,7,3007,free,gaussian,1,om_Vmax,0.2774326519268767,0.3,-7.522449357707757,-96.22946088370657,1968.93629036855,15500,True,2182.5333819389343,2013.8998429999992
nonlinear,7,3007,free,gaussian,1,om_V,0.1996381540082338,0.2,-0.1809229958831121,-96.22946088370657,1968.93629036855,15500,True,2182.5333819389343,2013.8998429999992
nonlinear,7,3007,free,gaussian,1,sigma,0.1922109025628722,0.2,-3.8945487185638727,-96.22946088370657,1968.93629036855,15500,True,2182.5333819389343,2013.8998429999992
nonlinear,8,3008,free,gaussian,8,Vmax,8.318747601891713,8.0,3.9843450236464184,-112.96689819372064,2338.82026739686,13500,True,2187.608575820923,2012.1581750000005
nonlinear,8,3008,free,gaussian,8,Km,2.0546131188892542,2.0,2.730655944462712,-112.96689819372064,2338.82026739686,13500,True,2187.608575820923,2012.1581750000005
nonlinear,8,3008,free,gaussian,8,V,28.696208030257296,30.0,-4.345973232475681,-112.96689819372064,2338.82026739686,13500,True,2187.608575820923,2012.1581750000005
nonlinear,8,3008,free,gaussian,8,om_Vmax,0.3250756692993167,0.3,8.35855643310557,-112.96689819372064,2338.82026739686,13500,True,2187.608575820923,2012.1581750000005
nonlinear,8,3008,free,gaussian,8,om_V,0.1720803173529537,0.2,-13.959841323523138,-112.96689819372064,2338.82026739686,13500,True,2187.608575820923,2012.1581750000005
nonlinear,8,3008,free,gaussian,8,sigma,0.1891830685793234,0.2,-5.408465710338303,-112.96689819372064,2338.82026739686,13500,True,2187.608575820923,2012.1581750000005
nonlinear,8,3008,free,gaussian,64,Vmax,8.414313697542445,8.0,5.178921219280563,-112.87830890057008,2099.3496437469184,7750,True,2111.2521028518677,1942.4089349999997
nonlinear,8,3008,free,gaussian,64,Km,2.023312053877777,2.0,1.1656026938888564,-112.87830890057008,2099.3496437469184,7750,True,2111.2521028518677,1942.4089349999997
nonlinear,8,3008,free,gaussian,64,V,28.336907478076583,30.0,-5.543641739744713,-112.87830890057008,2099.3496437469184,7750,True,2111.2521028518677,1942.4089349999997
nonlinear,8,3008,free,gaussian,64,om_Vmax,0.3255286349280236,0.3,8.509544976007867,-112.87830890057008,2099.3496437469184,7750,True,2111.2521028518677,1942.4089349999997
nonlinear,8,3008,free,gaussian,64,om_V,0.1723311496099721,0.2,-13.834425195013962,-112.87830890057008,2099.3496437469184,7750,True,2111.2521028518677,1942.4089349999997
nonlinear,8,3008,free,gaussian,64,sigma,0.1900079359523231,0.2,-4.996032023838456,-112.87830890057008,2099.3496437469184,7750,True,2111.2521028518677,1942.4089349999997
nonlinear,9,3009,free,gaussian,8,Vmax,8.254206553368155,8.0,3.177581917101935,-100.76353401568,2432.3526038323807,10250,True,1679.9712800979614,1547.6051590000006
nonlinear,9,3009,free,gaussian,8,Km,1.9923380203417231,2.0,-0.383098982913832,-100.76353401568,2432.3526038323807,10250,True,1679.9712800979614,1547.6051590000006
nonlinear,9,3009,free,gaussian,8,V,29.356747524172057,30.0,-2.144174919426488,-100.76353401568,2432.3526038323807,10250,True,1679.9712800979614,1547.6051590000006
nonlinear,9,3009,free,gaussian,8,om_Vmax,0.2601513429933086,0.3,-13.282885668897126,-100.76353401568,2432.3526038323807,10250,True,1679.9712800979614,1547.6051590000006
nonlinear,9,3009,free,gaussian,8,om_V,0.1985186673507512,0.2,-0.7406663246243839,-100.76353401568,2432.3526038323807,10250,True,1679.9712800979614,1547.6051590000006
nonlinear,9,3009,free,gaussian,8,sigma,0.1924849980416636,0.2,-3.757500979168174,-100.76353401568,2432.3526038323807,10250,True,1679.9712800979614,1547.6051590000006
nonlinear,9,3009,free,gaussian,1,Vmax,8.194736414616305,8.0,2.434205182703808,-103.18303414365664,1856.7315365356549,15250,True,2178.6066539287567,2003.08762
nonlinear,9,3009,free,gaussian,1,Km,2.0042520726130135,2.0,0.2126036306506762,-103.18303414365664,1856.7315365356549,15250,True,2178.6066539287567,2003.08762
nonlinear,9,3009,free,gaussian,1,V,29.676618475388025,30.0,-1.0779384153732607,-103.18303414365664,1856.7315365356549,15250,True,2178.6066539287567,2003.08762
nonlinear,9,3009,free,gaussian,1,om_Vmax,0.2586661975711371,0.3,-13.777934142954289,-103.18303414365664,1856.7315365356549,15250,True,2178.6066539287567,2003.08762
nonlinear,9,3009,free,gaussian,1,om_V,0.1935827249088166,0.2,-3.208637545591697,-103.18303414365664,1856.7315365356549,15250,True,2178.6066539287567,2003.08762
nonlinear,9,3009,free,gaussian,1,sigma,0.1935202656817315,0.2,-3.2398671591342407,-103.18303414365664,1856.7315365356549,15250,True,2178.6066539287567,2003.08762
nonlinear,9,3009,free,gaussian,64,Vmax,8.204504034749029,8.0,2.556300434362857,-100.1402610634583,2462.049984129891,7250,True,2049.339835882187,1859.0352249999976
nonlinear,9,3009,free,gaussian,64,Km,1.98104423114693,2.0,-0.9477884426534966,-100.1402610634583,2462.049984129891,7250,True,2049.339835882187,1859.0352249999976
nonlinear,9,3009,free,gaussian,64,V,29.833439690309692,30.0,-0.5552010323010256,-100.1402610634583,2462.049984129891,7250,True,2049.339835882187,1859.0352249999976
nonlinear,9,3009,free,gaussian,64,om_Vmax,0.2617438537843911,0.3,-12.752048738536285,-100.1402610634583,2462.049984129891,7250,True,2049.339835882187,1859.0352249999976
nonlinear,9,3009,free,gaussian,64,om_V,0.1988788797253632,0.2,-0.5605601373183805,-100.1402610634583,2462.049984129891,7250,True,2049.339835882187,1859.0352249999976
nonlinear,9,3009,free,gaussian,64,sigma,0.1885980271513092,0.2,-5.700986424345383,-100.1402610634583,2462.049984129891,7250,True,2049.339835882187,1859.0352249999976
nonlinear,10,3010,free,gaussian,8,Vmax,8.40149186923294,8.0,5.018648365411749,-125.59520185709636,2383.4300771961653,5750,True,968.3835160732268,878.3401980000017
nonlinear,10,3010,free,gaussian,8,Km,1.938749083270512,2.0,-3.0625458364744063,-125.59520185709636,2383.4300771961653,5750,True,968.3835160732268,878.3401980000017
nonlinear,10,3010,free,gaussian,8,V,30.207129902163533,30.0,0.6904330072117778,-125.59520185709636,2383.4300771961653,5750,True,968.3835160732268,878.3401980000017
nonlinear,10,3010,free,gaussian,8,om_Vmax,0.3020404155423328,0.3,0.6801385141109544,-125.59520185709636,2383.4300771961653,5750,True,968.3835160732268,878.3401980000017
nonlinear,10,3010,free,gaussian,8,om_V,0.209468026665641,0.2,4.73401333282053,-125.59520185709636,2383.4300771961653,5750,True,968.3835160732268,878.3401980000017
nonlinear,10,3010,free,gaussian,8,sigma,0.2017472020502033,0.2,0.8736010251016862,-125.59520185709636,2383.4300771961653,5750,True,968.3835160732268,878.3401980000017
nonlinear,10,3010,free,gaussian,1,Vmax,8.42206030027453,8.0,5.275753753431633,-132.02745602244923,1905.248405587857,13250,True,1917.9282293319704,1748.5327310000011
nonlinear,10,3010,free,gaussian,1,Km,1.9030358052777685,2.0,-4.848209736111587,-132.02745602244923,1905.248405587857,13250,True,1917.9282293319704,1748.5327310000011
nonlinear,10,3010,free,gaussian,1,V,30.38047068056906,30.0,1.2682356018968717,-132.02745602244923,1905.248405587857,13250,True,1917.9282293319704,1748.5327310000011
nonlinear,10,3010,free,gaussian,1,om_Vmax,0.304301891995736,0.3,1.4339639985786838,-132.02745602244923,1905.248405587857,13250,True,1917.9282293319704,1748.5327310000011
nonlinear,10,3010,free,gaussian,1,om_V,0.2083220770653982,0.2,4.161038532699099,-132.02745602244923,1905.248405587857,13250,True,1917.9282293319704,1748.5327310000011
nonlinear,10,3010,free,gaussian,1,sigma,0.2017462679800112,0.2,0.8731339900055896,-132.02745602244923,1905.248405587857,13250,True,1917.9282293319704,1748.5327310000011
nonlinear,10,3010,free,gaussian,64,Vmax,8.050016002088832,8.0,0.6252000261103952,-125.82928675957528,2130.047987635867,6000,True,1639.3685278892517,1508.1326320000007
nonlinear,10,3010,free,gaussian,64,Km,1.9822644180030984,2.0,-0.886779099845092,-125.82928675957528,2130.047987635867,6000,True,1639.3685278892517,1508.1326320000007
nonlinear,10,3010,free,gaussian,64,V,31.239731941127047,30.0,4.132439803756824,-125.82928675957528,2130.047987635867,6000,True,1639.3685278892517,1508.1326320000007
nonlinear,10,3010,free,gaussian,64,om_Vmax,0.3030925479130171,0.3,1.030849304339036,-125.82928675957528,2130.047987635867,6000,True,1639.3685278892517,1508.1326320000007
nonlinear,10,3010,free,gaussian,64,om_V,0.2106246119107185,0.2,5.31230595535924,-125.82928675957528,2130.047987635867,6000,True,1639.3685278892517,1508.1326320000007
nonlinear,10,3010,free,gaussian,64,sigma,0.1988184092034655,0.2,-0.5907953982672159,-125.82928675957528,2130.047987635867,6000,True,1639.3685278892517,1508.1326320000007
nonlinear,11,3011,free,gaussian,8,Vmax,8.323859381002027,8.0,4.048242262525337,-121.84237317673616,2236.6187879711565,10250,True,1690.8478479385376,1538.358264999999
nonlinear,11,3011,free,gaussian,8,Km,2.046625904458577,2.0,2.331295222928853,-121.84237317673616,2236.6187879711565,10250,True,1690.8478479385376,1538.358264999999
nonlinear,11,3011,free,gaussian,8,V,29.676299506389668,30.0,-1.0790016453677729,-121.84237317673616,2236.6187879711565,10250,True,1690.8478479385376,1538.358264999999
nonlinear,11,3011,free,gaussian,8,om_Vmax,0.2454810647015609,0.3,-18.172978432813032,-121.84237317673616,2236.6187879711565,10250,True,1690.8478479385376,1538.358264999999
nonlinear,11,3011,free,gaussian,8,om_V,0.2099388615466758,0.2,4.969430773337904,-121.84237317673616,2236.6187879711565,10250,True,1690.8478479385376,1538.358264999999
nonlinear,11,3011,free,gaussian,8,sigma,0.2052086471301109,0.2,2.6043235650554384,-121.84237317673616,2236.6187879711565,10250,True,1690.8478479385376,1538.358264999999
nonlinear,11,3011,free,gaussian,64,Vmax,8.459441414028243,8.0,5.743017675353035,-121.55743941390656,2345.624678910295,5500,True,1540.909287929535,1402.5270290000008
nonlinear,11,3011,free,gaussian,64,Km,2.0708337998672306,2.0,3.54168999336153,-121.55743941390656,2345.624678910295,5500,True,1540.909287929535,1402.5270290000008
nonlinear,11,3011,free,gaussian,64,V,30.043811814426345,30.0,0.1460393814211495,-121.55743941390656,2345.624678910295,5500,True,1540.909287929535,1402.5270290000008
nonlinear,11,3011,free,gaussian,64,om_Vmax,0.2476839229401695,0.3,-17.43869235327683,-121.55743941390656,2345.624678910295,5500,True,1540.909287929535,1402.5270290000008
nonlinear,11,3011,free,gaussian,64,om_V,0.2096761998697297,0.2,4.8380999348648785,-121.55743941390656,2345.624678910295,5500,True,1540.909287929535,1402.5270290000008
nonlinear,11,3011,free,gaussian,64,sigma,0.2008569080175534,0.2,0.4284540087767241,-121.55743941390656,2345.624678910295,5500,True,1540.909287929535,1402.5270290000008
nonlinear,11,3011,free,gaussian,1,Vmax,8.324380307168148,8.0,4.0547538396018545,-123.71735221052248,1728.9193908794234,18250,True,2585.7027821540833,2367.901102
nonlinear,11,3011,free,gaussian,1,Km,2.0354825907222063,2.0,1.7741295361103138,-123.71735221052248,1728.9193908794234,18250,True,2585.7027821540833,2367.901102
nonlinear,11,3011,free,gaussian,1,V,30.020136323293276,30.0,0.0671210776442521,-123.71735221052248,1728.9193908794234,18250,True,2585.7027821540833,2367.901102
nonlinear,11,3011,free,gaussian,1,om_Vmax,0.2456538368836931,0.3,-18.11538770543563,-123.71735221052248,1728.9193908794234,18250,True,2585.7027821540833,2367.901102
nonlinear,11,3011,free,gaussian,1,om_V,0.2029174555894272,0.2,1.4587277947135937,-123.71735221052248,1728.9193908794234,18250,True,2585.7027821540833,2367.901102
nonlinear,11,3011,free,gaussian,1,sigma,0.2047881349173382,0.2,2.39406745866913,-123.71735221052248,1728.9193908794234,18250,True,2585.7027821540833,2367.901102
nonlinear,12,3012,free,gaussian,1,Vmax,8.477006570721825,8.0,5.962582134022809,-97.07517583802392,1724.736263226901,9750,True,1349.466748714447,1260.4609660000024
nonlinear,12,3012,free,gaussian,1,Km,2.110068989945264,2.0,5.503449497263202,-97.07517583802392,1724.736263226901,9750,True,1349.466748714447,1260.4609660000024
nonlinear,12,3012,free,gaussian,1,V,28.79842892615374,30.0,-4.005236912820867,-97.07517583802392,1724.736263226901,9750,True,1349.466748714447,1260.4609660000024
nonlinear,12,3012,free,gaussian,1,om_Vmax,0.3444404694802341,0.3,14.813489826744703,-97.07517583802392,1724.736263226901,9750,True,1349.466748714447,1260.4609660000024
nonlinear,12,3012,free,gaussian,1,om_V,0.1561468587349959,0.2,-21.92657063250204,-97.07517583802392,1724.736263226901,9750,True,1349.466748714447,1260.4609660000024
nonlinear,12,3012,free,gaussian,1,sigma,0.1898265709408873,0.2,-5.086714529556322,-97.07517583802392,1724.736263226901,9750,True,1349.466748714447,1260.4609660000024
nonlinear,12,3012,free,gaussian,8,Vmax,7.669414484632075,8.0,-4.132318942099067,-93.3781655074994,2342.95560335635,10000,True,1592.948263168335,1473.7111440000008
nonlinear,12,3012,free,gaussian,8,Km,2.1111236884981905,2.0,5.556184424909527,-93.3781655074994,2342.95560335635,10000,True,1592.948263168335,1473.7111440000008
nonlinear,12,3012,free,gaussian,8,V,28.74894103463496,30.0,-4.1701965512168,-93.3781655074994,2342.95560335635,10000,True,1592.948263168335,1473.7111440000008
nonlinear,12,3012,free,gaussian,8,om_Vmax,0.336609456853309,0.3,12.203152284436358,-93.3781655074994,2342.95560335635,10000,True,1592.948263168335,1473.7111440000008
nonlinear,12,3012,free,gaussian,8,om_V,0.1681274890641836,0.2,-15.936255467908197,-93.3781655074994,2342.95560335635,10000,True,1592.948263168335,1473.7111440000008
nonlinear,12,3012,free,gaussian,8,sigma,0.186428315529991,0.2,-6.7858422350044885,-93.3781655074994,2342.95560335635,10000,True,1592.948263168335,1473.7111440000008
nonlinear,12,3012,free,gaussian,64,Vmax,7.660148372299622,8.0,-4.248145346254728,-93.67812166476163,2532.7817207501357,8750,True,2351.127517938614,2169.48287
nonlinear,12,3012,free,gaussian,64,Km,2.0998732011607433,2.0,4.993660058037164,-93.67812166476163,2532.7817207501357,8750,True,2351.127517938614,2169.48287
nonlinear,12,3012,free,gaussian,64,V,29.119292726064497,30.0,-2.935690913118343,-93.67812166476163,2532.7817207501357,8750,True,2351.127517938614,2169.48287
nonlinear,12,3012,free,gaussian,64,om_Vmax,0.3390067992531333,0.3,13.00226641771111,-93.67812166476163,2532.7817207501357,8750,True,2351.127517938614,2169.48287
nonlinear,12,3012,free,gaussian,64,om_V,0.1703909199889829,0.2,-14.804540005508557,-93.67812166476163,2532.7817207501357,8750,True,2351.127517938614,2169.48287
nonlinear,12,3012,free,gaussian,64,sigma,0.1831499072934644,0.2,-8.425046353267781,-93.67812166476163,2532.7817207501357,8750,True,2351.127517938614,2169.48287
nonlinear,13,3013,free,gaussian,8,Vmax,7.472002745611029,8.0,-6.599965679862141,-97.94341241261397,2361.2848373950173,3750,True,607.7410283088684,557.7903819999992
nonlinear,13,3013,free,gaussian,8,Km,1.874565540099724,2.0,-6.271722995013807,-97.94341241261397,2361.2848373950173,3750,True,607.7410283088684,557.7903819999992
nonlinear,13,3013,free,gaussian,8,V,29.988092275431622,30.0,-0.0396924152279135,-97.94341241261397,2361.2848373950173,3750,True,607.7410283088684,557.7903819999992
nonlinear,13,3013,free,gaussian,8,om_Vmax,0.2847590700883822,0.3,-5.080309970539247,-97.94341241261397,2361.2848373950173,3750,True,607.7410283088684,557.7903819999992
nonlinear,13,3013,free,gaussian,8,om_V,0.2091168452921404,0.2,4.5584226460701895,-97.94341241261397,2361.2848373950173,3750,True,607.7410283088684,557.7903819999992
nonlinear,13,3013,free,gaussian,8,sigma,0.1983045954807665,0.2,-0.8477022596167227,-97.94341241261397,2361.2848373950173,3750,True,607.7410283088684,557.7903819999992
nonlinear,13,3013,free,gaussian,1,Vmax,7.460326206958566,8.0,-6.745922413017924,-100.39272855348256,1638.885277926432,11250,True,1574.7576909065249,1448.216752999997
nonlinear,13,3013,free,gaussian,1,Km,1.8292478733636977,2.0,-8.537606331815118,-100.39272855348256,1638.885277926432,11250,True,1574.7576909065249,1448.216752999997
nonlinear,13,3013,free,gaussian,1,V,29.994044886423683,30.0,-0.0198503785877216,-100.39272855348256,1638.885277926432,11250,True,1574.7576909065249,1448.216752999997
nonlinear,13,3013,free,gaussian,1,om_Vmax,0.2840742250802309,0.3,-5.308591639923014,-100.39272855348256,1638.885277926432,11250,True,1574.7576909065249,1448.216752999997
nonlinear,13,3013,free,gaussian,1,om_V,0.2051430670617223,0.2,2.571533530861175,-100.39272855348256,1638.885277926432,11250,True,1574.7576909065249,1448.216752999997
nonlinear,13,3013,free,gaussian,1,sigma,0.1998388590621087,0.2,-0.0805704689456343,-100.39272855348256,1638.885277926432,11250,True,1574.7576909065249,1448.216752999997
nonlinear,13,3013,free,gaussian,64,Vmax,7.372393795256545,8.0,-7.845077559293189,-97.28287817090244,2436.403659757513,6000,True,1607.564875125885,1478.1719539999976
nonlinear,13,3013,free,gaussian,64,Km,1.8498184160911393,2.0,-7.509079195443036,-97.28287817090244,2436.403659757513,6000,True,1607.564875125885,1478.1719539999976
nonlinear,13,3013,free,gaussian,64,V,29.59002176113624,30.0,-1.3665941295458712,-97.28287817090244,2436.403659757513,6000,True,1607.564875125885,1478.1719539999976
nonlinear,13,3013,free,gaussian,64,om_Vmax,0.2848353870303152,0.3,-5.054870989894915,-97.28287817090244,2436.403659757513,6000,True,1607.564875125885,1478.1719539999976
nonlinear,13,3013,free,gaussian,64,om_V,0.2085684651033492,0.2,4.284232551674621,-97.28287817090244,2436.403659757513,6000,True,1607.564875125885,1478.1719539999976
nonlinear,13,3013,free,gaussian,64,sigma,0.1895401299806234,0.2,-5.229935009688311,-97.28287817090244,2436.403659757513,6000,True,1607.564875125885,1478.1719539999976
nonlinear,14,3014,free,gaussian,1,Vmax,7.640570644291833,8.0,-4.492866946352092,-112.8046328303874,1713.6171025622973,9750,True,1384.848466873169,1273.3384490000026
nonlinear,14,3014,free,gaussian,1,Km,1.7954405038525538,2.0,-10.22797480737231,-112.8046328303874,1713.6171025622973,9750,True,1384.848466873169,1273.3384490000026
nonlinear,14,3014,free,gaussian,1,V,30.717926393690774,30.0,2.3930879789692483,-112.8046328303874,1713.6171025622973,9750,True,1384.848466873169,1273.3384490000026
nonlinear,14,3014,free,gaussian,1,om_Vmax,0.3097698111308709,0.3,3.2566037102902956,-112.8046328303874,1713.6171025622973,9750,True,1384.848466873169,1273.3384490000026
nonlinear,14,3014,free,gaussian,1,om_V,0.1967888675450961,0.2,-1.6055662274519489,-112.8046328303874,1713.6171025622973,9750,True,1384.848466873169,1273.3384490000026
nonlinear,14,3014,free,gaussian,1,sigma,0.1989844315593723,0.2,-0.5077842203138477,-112.8046328303874,1713.6171025622973,9750,True,1384.848466873169,1273.3384490000026
nonlinear,14,3014,free,gaussian,8,Vmax,7.8157698561946685,8.0,-2.302876797566644,-106.58555130509714,2227.824677415959,8250,True,1340.5701529979706,1231.6695290000025
nonlinear,14,3014,free,gaussian,8,Km,1.8291725860603625,2.0,-8.541370696981875,-106.58555130509714,2227.824677415959,8250,True,1340.5701529979706,1231.6695290000025
nonlinear,14,3014,free,gaussian,8,V,30.33168296543911,30.0,1.1056098847970477,-106.58555130509714,2227.824677415959,8250,True,1340.5701529979706,1231.6695290000025
nonlinear,14,3014,free,gaussian,8,om_Vmax,0.3033028886257788,0.3,1.1009628752596257,-106.58555130509714,2227.824677415959,8250,True,1340.5701529979706,1231.6695290000025
nonlinear,14,3014,free,gaussian,8,om_V,0.2014254724813402,0.2,0.7127362406701282,-106.58555130509714,2227.824677415959,8250,True,1340.5701529979706,1231.6695290000025
nonlinear,14,3014,free,gaussian,8,sigma,0.1911664939524332,0.2,-4.416753023783387,-106.58555130509714,2227.824677415959,8250,True,1340.5701529979706,1231.6695290000025
nonlinear,14,3014,free,gaussian,64,Vmax,7.856661774258862,8.0,-1.791727821764222,-106.17931133103446,2455.590534357721,6500,True,1765.706076860428,1633.3850620000012
nonlinear,14,3014,free,gaussian,64,Km,1.8391936075611623,2.0,-8.040319621941872,-106.17931133103446,2455.590534357721,6500,True,1765.706076860428,1633.3850620000012
nonlinear,14,3014,free,gaussian,64,V,30.78637268214235,30.0,2.6212422738078325,-106.17931133103446,2455.590534357721,6500,True,1765.706076860428,1633.3850620000012
nonlinear,14,3014,free,gaussian,64,om_Vmax,0.3059930583155673,0.3,1.9976861051890968,-106.17931133103446,2455.590534357721,6500,True,1765.706076860428,1633.3850620000012
nonlinear,14,3014,free,gaussian,64,om_V,0.2014357727254567,0.2,0.7178863627283483,-106.17931133103446,2455.590534357721,6500,True,1765.706076860428,1633.3850620000012
nonlinear,14,3014,free,gaussian,64,sigma,0.1888935560400905,0.2,-5.553221979954725,-106.17931133103446,2455.590534357721,6500,True,1765.706076860428,1633.3850620000012
nonlinear,15,3015,free,gaussian,1,Vmax,8.511993851627823,8.0,6.399923145347786,-129.18318248578186,1645.1215745251368,11000,True,1556.7156689167025,1443.9730879999988
nonlinear,15,3015,free,gaussian,1,Km,1.905323461672946,2.0,-4.733826916352701,-129.18318248578186,1645.1215745251368,11000,True,1556.7156689167025,1443.9730879999988
nonlinear,15,3015,free,gaussian,1,V,30.59976748588246,30.0,1.999224952941532,-129.18318248578186,1645.1215745251368,11000,True,1556.7156689167025,1443.9730879999988
nonlinear,15,3015,free,gaussian,1,om_Vmax,0.3360488889622781,0.3,12.016296320759364,-129.18318248578186,1645.1215745251368,11000,True,1556.7156689167025,1443.9730879999988
nonlinear,15,3015,free,gaussian,1,om_V,0.1505299315999405,0.2,-24.735034200029745,-129.18318248578186,1645.1215745251368,11000,True,1556.7156689167025,1443.9730879999988
nonlinear,15,3015,free,gaussian,1,sigma,0.2142384832963646,0.2,7.119241648182311,-129.18318248578186,1645.1215745251368,11000,True,1556.7156689167025,1443.9730879999988
nonlinear,15,3015,free,gaussian,8,Vmax,8.325023845347532,8.0,4.062798066844153,-125.18035732720696,1850.3326496670388,11750,True,1924.8862380981443,1776.720422000002
nonlinear,15,3015,free,gaussian,8,Km,1.9196215053641663,2.0,-4.018924731791684,-125.18035732720696,1850.3326496670388,11750,True,1924.8862380981443,1776.720422000002
nonlinear,15,3015,free,gaussian,8,V,30.350031964539625,30.0,1.166773215132082,-125.18035732720696,1850.3326496670388,11750,True,1924.8862380981443,1776.720422000002
nonlinear,15,3015,free,gaussian,8,om_Vmax,0.3272650257113998,0.3,9.08834190379996,-125.18035732720696,1850.3326496670388,11750,True,1924.8862380981443,1776.720422000002
nonlinear,15,3015,free,gaussian,8,om_V,0.1679997285319626,0.2,-16.000135734018663,-125.18035732720696,1850.3326496670388,11750,True,1924.8862380981443,1776.720422000002
nonlinear,15,3015,free,gaussian,8,sigma,0.2040782396795865,0.2,2.0391198397932544,-125.18035732720696,1850.3326496670388,11750,True,1924.8862380981443,1776.720422000002
nonlinear,16,3016,free,gaussian,8,Vmax,7.537633660662284,8.0,-5.779579241721455,-110.89275741044403,2398.347383815313,5750,True,957.2136361598969,873.8705919999993
nonlinear,16,3016,free,gaussian,8,Km,1.954377406619625,2.0,-2.2811296690187555,-110.89275741044403,2398.347383815313,5750,True,957.2136361598969,873.8705919999993
nonlinear,16,3016,free,gaussian,8,V,32.3278558336607,30.0,7.759519445535664,-110.89275741044403,2398.347383815313,5750,True,957.2136361598969,873.8705919999993
nonlinear,16,3016,free,gaussian,8,om_Vmax,0.2768827283172915,0.3,-7.705757227569499,-110.89275741044403,2398.347383815313,5750,True,957.2136361598969,873.8705919999993
nonlinear,16,3016,free,gaussian,8,om_V,0.1930147294397164,0.2,-3.4926352801417924,-110.89275741044403,2398.347383815313,5750,True,957.2136361598969,873.8705919999993
nonlinear,16,3016,free,gaussian,8,sigma,0.2039174067284671,0.2,1.958703364233566,-110.89275741044403,2398.347383815313,5750,True,957.2136361598969,873.8705919999993
nonlinear,16,3016,free,gaussian,1,Vmax,7.550849668880773,8.0,-5.6143791389903335,-113.24023716872615,2021.701962494491,13500,True,1983.506360054016,1802.5271519999988
nonlinear,16,3016,free,gaussian,1,Km,1.9491767233584247,2.0,-2.5411638320787633,-113.24023716872615,2021.701962494491,13500,True,1983.506360054016,1802.5271519999988
nonlinear,16,3016,free,gaussian,1,V,32.1806386474569,30.0,7.268795491523008,-113.24023716872615,2021.701962494491,13500,True,1983.506360054016,1802.5271519999988
nonlinear,16,3016,free,gaussian,1,om_Vmax,0.2766426652326786,0.3,-7.785778255773794,-113.24023716872615,2021.701962494491,13500,True,1983.506360054016,1802.5271519999988
nonlinear,16,3016,free,gaussian,1,om_V,0.1815127432908386,0.2,-9.243628354580672,-113.24023716872615,2021.701962494491,13500,True,1983.506360054016,1802.5271519999988
nonlinear,16,3016,free,gaussian,1,sigma,0.2055535953677624,0.2,2.776797683881227,-113.24023716872615,2021.701962494491,13500,True,1983.506360054016,1802.5271519999988
nonlinear,15,3015,free,gaussian,64,Vmax,8.211320742036342,8.0,2.641509275454279,-124.53107451918272,2590.708000705345,11750,True,3283.738092660904,2997.009516000002
nonlinear,15,3015,free,gaussian,64,Km,1.9598234847853664,2.0,-2.0088257607316806,-124.53107451918272,2590.708000705345,11750,True,3283.738092660904,2997.009516000002
nonlinear,15,3015,free,gaussian,64,V,30.816588657210776,30.0,2.721962190702586,-124.53107451918272,2590.708000705345,11750,True,3283.738092660904,2997.009516000002
nonlinear,15,3015,free,gaussian,64,om_Vmax,0.332037348368597,0.3,10.679116122865668,-124.53107451918272,2590.708000705345,11750,True,3283.738092660904,2997.009516000002
nonlinear,15,3015,free,gaussian,64,om_V,0.1756701223813748,0.2,-12.164938809312588,-124.53107451918272,2590.708000705345,11750,True,3283.738092660904,2997.009516000002
nonlinear,15,3015,free,gaussian,64,sigma,0.1997882727491268,0.2,-0.1058636254365891,-124.53107451918272,2590.708000705345,11750,True,3283.738092660904,2997.009516000002
nonlinear,16,3016,free,gaussian,64,Vmax,7.511908151783436,8.0,-6.101148102707055,-111.0074021018881,2246.2380737853555,3750,True,1110.0797839164734,996.5745149999966
nonlinear,16,3016,free,gaussian,64,Km,2.009657107536833,2.0,0.4828553768416288,-111.0074021018881,2246.2380737853555,3750,True,1110.0797839164734,996.5745149999966
nonlinear,16,3016,free,gaussian,64,V,32.27828439080184,30.0,7.594281302672812,-111.0074021018881,2246.2380737853555,3750,True,1110.0797839164734,996.5745149999966
nonlinear,16,3016,free,gaussian,64,om_Vmax,0.2798652874724515,0.3,-6.711570842516149,-111.0074021018881,2246.2380737853555,3750,True,1110.0797839164734,996.5745149999966
nonlinear,16,3016,free,gaussian,64,om_V,0.1925254421812598,0.2,-3.737278909370075,-111.0074021018881,2246.2380737853555,3750,True,1110.0797839164734,996.5745149999966
nonlinear,16,3016,free,gaussian,64,sigma,0.2012769647831176,0.2,0.6384823915588367,-111.0074021018881,2246.2380737853555,3750,True,1110.0797839164734,996.5745149999966
nonlinear,17,3017,free,gaussian,1,Vmax,8.40212839746452,8.0,5.026604968306492,-149.49434027220263,1336.978603595874,2250,True,308.1711440086365,289.06958099999974
nonlinear,17,3017,free,gaussian,1,Km,1.858430316418303,2.0,-7.078484179084854,-149.49434027220263,1336.978603595874,2250,True,308.1711440086365,289.06958099999974
nonlinear,17,3017,free,gaussian,1,V,31.199577621106226,30.0,3.9985920703540856,-149.49434027220263,1336.978603595874,2250,True,308.1711440086365,289.06958099999974
nonlinear,17,3017,free,gaussian,1,om_Vmax,0.2984392672127787,0.3,-0.5202442624070991,-149.49434027220263,1336.978603595874,2250,True,308.1711440086365,289.06958099999974
nonlinear,17,3017,free,gaussian,1,om_V,0.2080784291815393,0.2,4.039214590769655,-149.49434027220263,1336.978603595874,2250,True,308.1711440086365,289.06958099999974
nonlinear,17,3017,free,gaussian,1,sigma,0.2218199974294984,0.2,10.90999871474922,-149.49434027220263,1336.978603595874,2250,True,308.1711440086365,289.06958099999974
nonlinear,17,3017,free,gaussian,8,Vmax,8.307721665934025,8.0,3.8465208241753146,-140.96936932728008,2161.090608593862,7750,True,1297.323808670044,1183.7610859999986
nonlinear,17,3017,free,gaussian,8,Km,1.8926498659222992,2.0,-5.367506703885039,-140.96936932728008,2161.090608593862,7750,True,1297.323808670044,1183.7610859999986
nonlinear,17,3017,free,gaussian,8,V,31.74579055518114,30.0,5.8193018506038054,-140.96936932728008,2161.090608593862,7750,True,1297.323808670044,1183.7610859999986
nonlinear,17,3017,free,gaussian,8,om_Vmax,0.3039547746162689,0.3,1.318258205422973,-140.96936932728008,2161.090608593862,7750,True,1297.323808670044,1183.7610859999986
nonlinear,17,3017,free,gaussian,8,om_V,0.2275675350541776,0.2,13.78376752708879,-140.96936932728008,2161.090608593862,7750,True,1297.323808670044,1183.7610859999986
nonlinear,17,3017,free,gaussian,8,sigma,0.2153410853539888,0.2,7.670542676994407,-140.96936932728008,2161.090608593862,7750,True,1297.323808670044,1183.7610859999986
nonlinear,17,3017,free,gaussian,64,Vmax,8.121127739261599,8.0,1.514096740769988,-140.1672606939448,2415.453635686933,5750,True,1649.3110630512238,1489.6787929999991
nonlinear,17,3017,free,gaussian,64,Km,1.8698113918088175,2.0,-6.509430409559114,-140.1672606939448,2415.453635686933,5750,True,1649.3110630512238,1489.6787929999991
nonlinear,17,3017,free,gaussian,64,V,31.970477344254924,30.0,6.56825781418308,-140.1672606939448,2415.453635686933,5750,True,1649.3110630512238,1489.6787929999991
nonlinear,17,3017,free,gaussian,64,om_Vmax,0.299706880164691,0.3,-0.0977066117696656,-140.1672606939448,2415.453635686933,5750,True,1649.3110630512238,1489.6787929999991
nonlinear,17,3017,free,gaussian,64,om_V,0.2165923636696649,0.2,8.296181834832467,-140.1672606939448,2415.453635686933,5750,True,1649.3110630512238,1489.6787929999991
nonlinear,17,3017,free,gaussian,64,sigma,0.2084837910032338,0.2,4.241895501616896,-140.1672606939448,2415.453635686933,5750,True,1649.3110630512238,1489.6787929999991
nonlinear,18,3018,free,gaussian,8,Vmax,7.732789704291398,8.0,-3.340128696357525,-80.5277053286631,2455.2803073848327,8000,True,1332.7883250713348,1216.2612599999993
nonlinear,18,3018,free,gaussian,8,Km,2.1313254861822166,2.0,6.566274309110831,-80.5277053286631,2455.2803073848327,8000,True,1332.7883250713348,1216.2612599999993
nonlinear,18,3018,free,gaussian,8,V,29.66970241827253,30.0,-1.1009919390915712,-80.5277053286631,2455.2803073848327,8000,True,1332.7883250713348,1216.2612599999993
nonlinear,18,3018,free,gaussian,8,om_Vmax,0.2724293653838222,0.3,-9.190211538725938,-80.5277053286631,2455.2803073848327,8000,True,1332.7883250713348,1216.2612599999993
nonlinear,18,3018,free,gaussian,8,om_V,0.2234343054980782,0.2,11.717152749039103,-80.5277053286631,2455.2803073848327,8000,True,1332.7883250713348,1216.2612599999993
nonlinear,18,3018,free,gaussian,8,sigma,0.1844653847121622,0.2,-7.767307643918891,-80.5277053286631,2455.2803073848327,8000,True,1332.7883250713348,1216.2612599999993
nonlinear,18,3018,free,gaussian,1,Vmax,7.811745659394204,8.0,-2.3531792575724464,-84.0286588144201,1885.4837639023492,12250,True,1778.8165769577026,1619.7136900000005
nonlinear,18,3018,free,gaussian,1,Km,2.0968353998499043,2.0,4.841769992495215,-84.0286588144201,1885.4837639023492,12250,True,1778.8165769577026,1619.7136900000005
nonlinear,18,3018,free,gaussian,1,V,29.345057019370397,30.0,-2.183143268765342,-84.0286588144201,1885.4837639023492,12250,True,1778.8165769577026,1619.7136900000005
nonlinear,18,3018,free,gaussian,1,om_Vmax,0.2637305650472113,0.3,-12.089811650929557,-84.0286588144201,1885.4837639023492,12250,True,1778.8165769577026,1619.7136900000005
nonlinear,18,3018,free,gaussian,1,om_V,0.2191841293099138,0.2,9.592064654956893,-84.0286588144201,1885.4837639023492,12250,True,1778.8165769577026,1619.7136900000005
nonlinear,18,3018,free,gaussian,1,sigma,0.1862286140117865,0.2,-6.885692994106753,-84.0286588144201,1885.4837639023492,12250,True,1778.8165769577026,1619.7136900000005
nonlinear,18,3018,free,gaussian,64,Vmax,7.915517391912419,8.0,-1.0560326010947585,-80.5558101254442,2675.332612780051,8000,True,2382.319766998291,2121.539417
nonlinear,18,3018,free,gaussian,64,Km,2.192159160113958,2.0,9.607958005697892,-80.5558101254442,2675.332612780051,8000,True,2382.319766998291,2121.539417
nonlinear,18,3018,free,gaussian,64,V,29.92310116454479,30.0,-0.256329451517369,-80.5558101254442,2675.332612780051,8000,True,2382.319766998291,2121.539417
nonlinear,18,3018,free,gaussian,64,om_Vmax,0.2705489474296814,0.3,-9.817017523439535,-80.5558101254442,2675.332612780051,8000,True,2382.319766998291,2121.539417
nonlinear,18,3018,free,gaussian,64,om_V,0.2226410259157658,0.2,11.320512957882915,-80.5558101254442,2675.332612780051,8000,True,2382.319766998291,2121.539417
nonlinear,18,3018,free,gaussian,64,sigma,0.1800195598397279,0.2,-9.99022008013603,-80.5558101254442,2675.332612780051,8000,True,2382.319766998291,2121.539417
nonlinear,19,3019,free,gaussian,1,Vmax,8.161729431909286,8.0,2.0216178988660793,-123.36600793661776,1831.177590097772,11500,True,1833.8382971286776,1610.4134720000038
nonlinear,19,3019,free,gaussian,1,Km,1.854567273999078,2.0,-7.271636300046103,-123.36600793661776,1831.177590097772,11500,True,1833.8382971286776,1610.4134720000038
nonlinear,19,3019,free,gaussian,1,V,30.12125518202812,30.0,0.4041839400937401,-123.36600793661776,1831.177590097772,11500,True,1833.8382971286776,1610.4134720000038
nonlinear,19,3019,free,gaussian,1,om_Vmax,0.2816752031536347,0.3,-6.108265615455096,-123.36600793661776,1831.177590097772,11500,True,1833.8382971286776,1610.4134720000038
nonlinear,19,3019,free,gaussian,1,om_V,0.2048487569272873,0.2,2.424378463643684,-123.36600793661776,1831.177590097772,11500,True,1833.8382971286776,1610.4134720000038
nonlinear,19,3019,free,gaussian,1,sigma,0.2014786195767467,0.2,0.7393097883733463,-123.36600793661776,1831.177590097772,11500,True,1833.8382971286776,1610.4134720000038
nonlinear,19,3019,free,gaussian,8,Vmax,7.791707822655669,8.0,-2.603652216804131,-119.13588888471176,2184.841541154119,11000,True,2062.8227639198303,1800.041398999998
nonlinear,19,3019,free,gaussian,8,Km,1.863268615626659,2.0,-6.836569218667055,-119.13588888471176,2184.841541154119,11000,True,2062.8227639198303,1800.041398999998
nonlinear,19,3019,free,gaussian,8,V,30.661031263146565,30.0,2.2034375438218845,-119.13588888471176,2184.841541154119,11000,True,2062.8227639198303,1800.041398999998
nonlinear,19,3019,free,gaussian,8,om_Vmax,0.2804660520581388,0.3,-6.51131598062038,-119.13588888471176,2184.841541154119,11000,True,2062.8227639198303,1800.041398999998
nonlinear,19,3019,free,gaussian,8,om_V,0.2078288497736842,0.2,3.914424886842113,-119.13588888471176,2184.841541154119,11000,True,2062.8227639198303,1800.041398999998
nonlinear,19,3019,free,gaussian,8,sigma,0.1971776092114093,0.2,-1.4111953942953226,-119.13588888471176,2184.841541154119,11000,True,2062.8227639198303,1800.041398999998
nonlinear,19,3019,free,gaussian,64,Vmax,7.786129574597065,8.0,-2.673380317536689,-119.16802974174416,1818.530122616521,7500,True,2428.5780260562897,2093.4137040000023
nonlinear,19,3019,free,gaussian,64,Km,1.8599970906300591,2.0,-7.000145468497032,-119.16802974174416,1818.530122616521,7500,True,2428.5780260562897,2093.4137040000023
nonlinear,19,3019,free,gaussian,64,V,30.471796240941785,30.0,1.572654136472617,-119.16802974174416,1818.530122616521,7500,True,2428.5780260562897,2093.4137040000023
nonlinear,19,3019,free,gaussian,64,om_Vmax,0.2772380753506625,0.3,-7.5873082164458205,-119.16802974174416,1818.530122616521,7500,True,2428.5780260562897,2093.4137040000023
nonlinear,19,3019,free,gaussian,64,om_V,0.2119566825027562,0.2,5.978341251378111,-119.16802974174416,1818.530122616521,7500,True,2428.5780260562897,2093.4137040000023
nonlinear,19,3019,free,gaussian,64,sigma,0.2005961944976434,0.2,0.2980972488216965,-119.16802974174416,1818.530122616521,7500,True,2428.5780260562897,2093.4137040000023
