replicate,seed,posterior,K,param,estimate,truth,rel_bias_pct,marginal_ll,mean_ess,frac_bad,n_steps_run,converged,secs
0,1000,free,1,CL,3.099231202612657,3.0,3.3077067537552316,-162.3815422336072,1243.2535457784077,0.0,13500,True,5.146817922592163
0,1000,free,1,V,31.716468889334244,30.0,5.7215629644474815,-162.3815422336072,1243.2535457784077,0.0,13500,True,5.146830081939697
0,1000,free,1,ka,1.2187979541591447,1.2,1.56649617992873,-162.3815422336072,1243.2535457784077,0.0,13500,True,5.146834850311279
0,1000,free,1,om_CL,0.2923749239721277,0.3,-2.5416920092907564,-162.3815422336072,1243.2535457784077,0.0,13500,True,5.146838903427124
0,1000,free,1,om_V,0.1440080741463903,0.2,-27.995962926804854,-162.3815422336072,1243.2535457784077,0.0,13500,True,5.14684271812439
0,1000,free,1,om_ka,0.35883854025010753,0.4,-10.290364937473123,-162.3815422336072,1243.2535457784077,0.0,13500,True,5.146845817565918
0,1000,free,1,sigma,0.20972148084862874,0.2,4.860740424314363,-162.3815422336072,1243.2535457784077,0.0,13500,True,5.146848917007446
0,1000,free,8,CL,3.1823099403304127,3.0,6.076998011013757,-157.9180671538048,1757.9756945066513,0.0,6250,True,3.697267770767212
0,1000,free,8,V,31.569037027180674,30.0,5.230123423935578,-157.9180671538048,1757.9756945066513,0.0,6250,True,3.6972768306732178
0,1000,free,8,ka,1.193109776974973,1.2,-0.5741852520855795,-157.9180671538048,1757.9756945066513,0.0,6250,True,3.6972815990448
0,1000,free,8,om_CL,0.2981140766521781,0.3,-0.6286411159406313,-157.9180671538048,1757.9756945066513,0.0,6250,True,3.6972858905792236
0,1000,free,8,om_V,0.16796824513257966,0.2,-16.015877433710177,-157.9180671538048,1757.9756945066513,0.0,6250,True,3.6972908973693848
0,1000,free,8,om_ka,0.3791343148726448,0.4,-5.216421281838801,-157.9180671538048,1757.9756945066513,0.0,6250,True,3.6972947120666504
0,1000,free,8,sigma,0.19448116981992808,0.2,-2.759415090035966,-157.9180671538048,1757.9756945066513,0.0,6250,True,3.697298765182495
0,1000,free,64,CL,3.0019094373528894,3.0,0.06364791176297994,-156.73588673424456,1872.7304580425762,0.0,6250,True,13.083137035369873
0,1000,free,64,V,31.547736769978997,30.0,5.159122566596655,-156.73588673424456,1872.7304580425762,0.0,6250,True,13.083144903182983
0,1000,free,64,ka,1.1893636342494762,1.2,-0.8863638125436446,-156.73588673424456,1872.7304580425762,0.0,6250,True,13.083149909973145
0,1000,free,64,om_CL,0.3043533944189184,0.3,1.4511314729728035,-156.73588673424456,1872.7304580425762,0.0,6250,True,13.08315372467041
0,1000,free,64,om_V,0.183508128489503,0.2,-8.245935755248512,-156.73588673424456,1872.7304580425762,0.0,6250,True,13.083158016204834
0,1000,free,64,om_ka,0.41123202080031784,0.4,2.8080052000794553,-156.73588673424456,1872.7304580425762,0.0,6250,True,13.083160877227783
0,1000,free,64,sigma,0.19290236289130133,0.2,-3.548818554349339,-156.73588673424456,1872.7304580425762,0.0,6250,True,13.083164930343628
0,1000,amortized,1,CL,2.960325560552608,3.0,-1.3224813149130672,-182.58449192162996,2256.988135879966,0.0,25000,False,14.92689299583435
0,1000,amortized,1,V,31.39444567005362,30.0,4.648152233512069,-182.58449192162996,2256.988135879966,0.0,25000,False,14.926906108856201
0,1000,amortized,1,ka,1.2137603847917657,1.2,1.1466987326471483,-182.58449192162996,2256.988135879966,0.0,25000,False,14.926910877227783
0,1000,amortized,1,om_CL,0.3074736034981103,0.3,2.4912011660367757,-182.58449192162996,2256.988135879966,0.0,25000,False,14.926916122436523
0,1000,amortized,1,om_V,0.063182640969808,0.2,-68.40867951509601,-182.58449192162996,2256.988135879966,0.0,25000,False,14.926919937133789
0,1000,amortized,1,om_ka,0.4299241261190906,0.4,7.4810315297726415,-182.58449192162996,2256.988135879966,0.0,25000,False,14.92692494392395
0,1000,amortized,1,sigma,0.22102107155018202,0.2,10.510535775091006,-182.58449192162996,2256.988135879966,0.0,25000,False,14.926929235458374
0,1000,amortized,8,CL,3.1549666329121915,3.0,5.165554430406383,-157.68694203710675,1706.24122323779,0.0,23250,True,17.45873999595642
0,1000,amortized,8,V,31.730023857273608,30.0,5.766746190912026,-157.68694203710675,1706.24122323779,0.0,23250,True,17.45874786376953
0,1000,amortized,8,ka,1.1421925200690823,1.2,-4.817289994243135,-157.68694203710675,1706.24122323779,0.0,23250,True,17.458752870559692
0,1000,amortized,8,om_CL,0.2951211057946504,0.3,-1.6262980684498645,-157.68694203710675,1706.24122323779,0.0,23250,True,17.458756923675537
0,1000,amortized,8,om_V,0.16398838768863502,0.2,-18.005806155682492,-157.68694203710675,1706.24122323779,0.0,23250,True,17.458760976791382
0,1000,amortized,8,om_ka,0.4158953804703193,0.4,3.9738451175798244,-157.68694203710675,1706.24122323779,0.0,23250,True,17.458765983581543
0,1000,amortized,8,sigma,0.19438865239887204,0.2,-2.8056738005639845,-157.68694203710675,1706.24122323779,0.0,23250,True,17.45876979827881
0,1000,amortized,64,CL,2.9921983645104064,3.0,-0.2600545163197854,-157.12131744922223,1815.6645126792214,0.0,4750,True,10.60719108581543
0,1000,amortized,64,V,31.57431922416782,30.0,5.247730747226066,-157.12131744922223,1815.6645126792214,0.0,4750,True,10.60719919204712
0,1000,amortized,64,ka,1.2001390667656817,1.2,0.01158889714014677,-157.12131744922223,1815.6645126792214,0.0,4750,True,10.60720419883728
0,1000,amortized,64,om_CL,0.3004410088096551,0.3,0.14700293655169525,-157.12131744922223,1815.6645126792214,0.0,4750,True,10.607207298278809
0,1000,amortized,64,om_V,0.17942192335821194,0.2,-10.289038320894033,-157.12131744922223,1815.6645126792214,0.0,4750,True,10.607211112976074
0,1000,amortized,64,om_ka,0.39966790211432285,0.4,-0.08302447141929348,-157.12131744922223,1815.6645126792214,0.0,4750,True,10.607215166091919
0,1000,amortized,64,sigma,0.19250529518124118,0.2,-3.7473524093794146,-157.12131744922223,1815.6645126792214,0.0,4750,True,10.607218265533447
1,1001,free,1,CL,3.1112372076203743,3.0,3.7079069206791417,-210.4679323885489,3545.4735386231146,0.0,20250,True,7.348177909851074
1,1001,free,1,V,29.073748606169136,30.0,-3.087504646102879,-210.4679323885489,3545.4735386231146,0.0,20250,True,7.34818696975708
1,1001,free,1,ka,1.125539622072527,1.2,-6.205031493956089,-210.4679323885489,3545.4735386231146,0.0,20250,True,7.348199844360352
1,1001,free,1,om_CL,0.3191144830350645,0.3,6.371494345021508,-210.4679323885489,3545.4735386231146,0.0,20250,True,7.348203897476196
1,1001,free,1,om_V,0.019037802249874402,0.2,-90.4810988750628,-210.4679323885489,3545.4735386231146,0.0,20250,True,7.348207950592041
1,1001,free,1,om_ka,0.533479040966799,0.4,33.369760241699744,-210.4679323885489,3545.4735386231146,0.0,20250,True,7.348212003707886
1,1001,free,1,sigma,0.22410733361128762,0.2,12.053666805643806,-210.4679323885489,3545.4735386231146,0.0,20250,True,7.348214864730835
1,1001,free,8,CL,3.181150010933527,3.0,6.038333697784236,-191.8266707276855,1837.4608016541474,0.0,10000,True,5.4980669021606445
1,1001,free,8,V,29.701814279894787,30.0,-0.9939524003507098,-191.8266707276855,1837.4608016541474,0.0,10000,True,5.498075008392334
1,1001,free,8,ka,1.1491966866666452,1.2,-4.2336094444462296,-191.8266707276855,1837.4608016541474,0.0,10000,True,5.4980788230896
1,1001,free,8,om_CL,0.33224952158292204,0.3,10.749840527640682,-191.8266707276855,1837.4608016541474,0.0,10000,True,5.49808406829834
1,1001,free,8,om_V,0.13940599077698473,0.2,-30.29700461150764,-191.8266707276855,1837.4608016541474,0.0,10000,True,5.498087167739868
1,1001,free,8,om_ka,0.45822272171753725,0.4,14.555680429384307,-191.8266707276855,1837.4608016541474,0.0,10000,True,5.498090982437134
1,1001,free,8,sigma,0.201081544474839,0.2,0.5407722374194956,-191.8266707276855,1837.4608016541474,0.0,10000,True,5.498094081878662
1,1001,free,64,CL,3.0519854217652074,3.0,1.7328473921735792,-190.74637167321671,1749.1054361295276,0.0,2500,True,4.979010105133057
1,1001,free,64,V,29.748692037550484,30.0,-0.8376932081650542,-190.74637167321671,1749.1054361295276,0.0,2500,True,4.979018926620483
1,1001,free,64,ka,1.1613694558359529,1.2,-3.2192120136705915,-190.74637167321671,1749.1054361295276,0.0,2500,True,4.979022979736328
1,1001,free,64,om_CL,0.3285863096107564,0.3,9.528769870252141,-190.74637167321671,1749.1054361295276,0.0,2500,True,4.979027271270752
1,1001,free,64,om_V,0.16865875312901935,0.2,-15.67062343549033,-190.74637167321671,1749.1054361295276,0.0,2500,True,4.979029893875122
1,1001,free,64,om_ka,0.45726602212496925,0.4,14.316505531242306,-190.74637167321671,1749.1054361295276,0.0,2500,True,4.979033946990967
1,1001,free,64,sigma,0.19927842872295057,0.2,-0.36078563852472156,-190.74637167321671,1749.1054361295276,0.0,2500,True,4.979037046432495
1,1001,amortized,1,CL,3.077696823606731,3.0,2.58989412022436,-210.71412199132962,3539.102188601787,0.0,19000,True,10.558227062225342
1,1001,amortized,1,V,29.0223251903281,30.0,-3.2589160322396657,-210.71412199132962,3539.102188601787,0.0,19000,True,10.558234930038452
1,1001,amortized,1,ka,1.1381968561356786,1.2,-5.15026198869345,-210.71412199132962,3539.102188601787,0.0,19000,True,10.558240175247192
1,1001,amortized,1,om_CL,0.3161142721371873,0.3,5.371424045729101,-210.71412199132962,3539.102188601787,0.0,19000,True,10.558244228363037
1,1001,amortized,1,om_V,0.01608913256436897,0.2,-91.95543371781551,-210.71412199132962,3539.102188601787,0.0,19000,True,10.558247089385986
1,1001,amortized,1,om_ka,0.529485214110421,0.4,32.37130352760525,-210.71412199132962,3539.102188601787,0.0,19000,True,10.558251142501831
1,1001,amortized,1,sigma,0.22558927266963183,0.2,12.794636334815909,-210.71412199132962,3539.102188601787,0.0,19000,True,10.558255195617676
1,1001,amortized,8,CL,3.013621936904819,3.0,0.4540645634939722,-191.6276461846877,1745.1199361668007,0.0,9500,True,7.163438081741333
1,1001,amortized,8,V,29.390469507021376,30.0,-2.0317683099287485,-191.6276461846877,1745.1199361668007,0.0,9500,True,7.1634461879730225
1,1001,amortized,8,ka,1.1583585378208001,1.2,-3.4701218482666536,-191.6276461846877,1745.1199361668007,0.0,9500,True,7.163450241088867
1,1001,amortized,8,om_CL,0.3311590554254021,0.3,10.386351808467365,-191.6276461846877,1745.1199361668007,0.0,9500,True,7.163454294204712
1,1001,amortized,8,om_V,0.14348786427555152,0.2,-28.256067862224246,-191.6276461846877,1745.1199361668007,0.0,9500,True,7.1634581089019775
1,1001,amortized,8,om_ka,0.4602223799795409,0.4,15.05559499488522,-191.6276461846877,1745.1199361668007,0.0,9500,True,7.163462162017822
1,1001,amortized,8,sigma,0.2000272446936838,0.2,0.01362234684189334,-191.6276461846877,1745.1199361668007,0.0,9500,True,7.163465261459351
1,1001,amortized,64,CL,3.0008042740563847,3.0,0.02680913521282413,-190.91044002608544,1996.759668442795,0.0,25000,False,55.85093092918396
1,1001,amortized,64,V,29.618285818499828,30.0,-1.272380605000573,-190.91044002608544,1996.759668442795,0.0,25000,False,55.8509418964386
1,1001,amortized,64,ka,1.1917792167331196,1.2,-0.6850652722400301,-190.91044002608544,1996.759668442795,0.0,25000,False,55.85094594955444
1,1001,amortized,64,om_CL,0.32764784323131485,0.3,9.21594774377162,-190.91044002608544,1996.759668442795,0.0,25000,False,55.85094976425171
1,1001,amortized,64,om_V,0.15440635868768432,0.2,-22.796820656157845,-190.91044002608544,1996.759668442795,0.0,25000,False,55.850953817367554
1,1001,amortized,64,om_ka,0.4660943941565322,0.4,16.523598539133044,-190.91044002608544,1996.759668442795,0.0,25000,False,55.8509566783905
1,1001,amortized,64,sigma,0.19771457533527284,0.2,-1.142712332363585,-190.91044002608544,1996.759668442795,0.0,25000,False,55.85096073150635
2,1002,free,1,CL,3.084373462798216,3.0,2.8124487599405334,-185.04760098220123,3671.9569627662618,0.0,25000,True,9.106451034545898
2,1002,free,1,V,28.84054805248241,30.0,-3.864839825058629,-185.04760098220123,3671.9569627662618,0.0,25000,True,9.106464147567749
2,1002,free,1,ka,1.1800626261035156,1.2,-1.6614478247070261,-185.04760098220123,3671.9569627662618,0.0,25000,True,9.106468915939331
2,1002,free,1,om_CL,0.28912456869158043,0.3,-3.6251437694731865,-185.04760098220123,3671.9569627662618,0.0,25000,True,9.106472969055176
2,1002,free,1,om_V,0.02327782636743033,0.2,-88.36108681628482,-185.04760098220123,3671.9569627662618,0.0,25000,True,9.106476068496704
2,1002,free,1,om_ka,0.3829644765548422,0.4,-4.258880861289449,-185.04760098220123,3671.9569627662618,0.0,25000,True,9.10647988319397
2,1002,free,1,sigma,0.2299942916216283,0.2,14.99714581081414,-185.04760098220123,3671.9569627662618,0.0,25000,True,9.106482982635498
2,1002,free,8,CL,3.0199836459677916,3.0,0.6661215322597188,-164.87592053352023,1797.6154811091578,0.0,11000,True,6.329747915267944
2,1002,free,8,V,29.499063280925338,30.0,-1.6697890635822077,-164.87592053352023,1797.6154811091578,0.0,11000,True,6.329756021499634
2,1002,free,8,ka,1.1938349924780176,1.2,-0.5137506268318622,-164.87592053352023,1797.6154811091578,0.0,11000,True,6.329761028289795
2,1002,free,8,om_CL,0.2860909244920369,0.3,-4.63635850265437,-164.87592053352023,1797.6154811091578,0.0,11000,True,6.3297648429870605
2,1002,free,8,om_V,0.1561581668441675,0.2,-21.920916577916255,-164.87592053352023,1797.6154811091578,0.0,11000,True,6.329768896102905
2,1002,free,8,om_ka,0.3064893158842278,0.4,-23.37767102894306,-164.87592053352023,1797.6154811091578,0.0,11000,True,6.329773187637329
2,1002,free,8,sigma,0.20566505047705458,0.2,2.8325252385272837,-164.87592053352023,1797.6154811091578,0.0,11000,True,6.329775810241699
2,1002,free,64,CL,3.0830275679624424,3.0,2.767585598748079,-164.9256441215437,2210.580244518921,0.0,11250,True,23.28755521774292
2,1002,free,64,V,29.15243857902641,30.0,-2.825204736578636,-164.9256441215437,2210.580244518921,0.0,11250,True,23.28756308555603
2,1002,free,64,ka,1.1939023528186703,1.2,-0.5081372651108048,-164.9256441215437,2210.580244518921,0.0,11250,True,23.28756809234619
2,1002,free,64,om_CL,0.28545780277449767,0.3,-4.84739907516744,-164.9256441215437,2210.580244518921,0.0,11250,True,23.287572145462036
2,1002,free,64,om_V,0.15039408915324293,0.2,-24.80295542337854,-164.9256441215437,2210.580244518921,0.0,11250,True,23.28757619857788
2,1002,free,64,om_ka,0.33987831236140637,0.4,-15.030421909648414,-164.9256441215437,2210.580244518921,0.0,11250,True,23.28757929801941
2,1002,free,64,sigma,0.207452766898997,0.2,3.7263834494984938,-164.9256441215437,2210.580244518921,0.0,11250,True,23.287583112716675
2,1002,amortized,1,CL,3.1097650728249167,3.0,3.6588357608305553,-185.40235690689184,3677.8214586471254,0.0,18250,True,10.337054967880249
2,1002,amortized,1,V,28.994299975223242,30.0,-3.352333415922525,-185.40235690689184,3677.8214586471254,0.0,18250,True,10.337064027786255
2,1002,amortized,1,ka,1.1832989318853657,1.2,-1.3917556762195193,-185.40235690689184,3677.8214586471254,0.0,18250,True,10.3370680809021
2,1002,amortized,1,om_CL,0.2921829749010254,0.3,-2.605675032991528,-185.40235690689184,3677.8214586471254,0.0,18250,True,10.33707308769226
2,1002,amortized,1,om_V,0.020068331183899682,0.2,-89.96583440805016,-185.40235690689184,3677.8214586471254,0.0,18250,True,10.337078094482422
2,1002,amortized,1,om_ka,0.38802916361732637,0.4,-2.9927090956684137,-185.40235690689184,3677.8214586471254,0.0,18250,True,10.337081909179688
2,1002,amortized,1,sigma,0.22911364656100344,0.2,14.556823280501716,-185.40235690689184,3677.8214586471254,0.0,18250,True,10.337085962295532
2,1002,amortized,8,CL,3.0075187006016297,3.0,0.25062335338765784,-165.40676261964643,2156.5182433403975,0.0,13250,True,9.871556043624878
2,1002,amortized,8,V,29.137961680440988,30.0,-2.8734610651967074,-165.40676261964643,2156.5182433403975,0.0,13250,True,9.871565103530884
2,1002,amortized,8,ka,1.2028006637421977,1.2,0.2333886451831487,-165.40676261964643,2156.5182433403975,0.0,13250,True,9.871569871902466
2,1002,amortized,8,om_CL,0.2876138614978087,0.3,-4.12871283406376,-165.40676261964643,2156.5182433403975,0.0,13250,True,9.87157392501831
2,1002,amortized,8,om_V,0.13926376784460048,0.2,-30.36811607769976,-165.40676261964643,2156.5182433403975,0.0,13250,True,9.871577978134155
2,1002,amortized,8,om_ka,0.3194026887976337,0.4,-20.14932780059157,-165.40676261964643,2156.5182433403975,0.0,13250,True,9.871581792831421
2,1002,amortized,8,sigma,0.20724378585902414,0.2,3.621892929512066,-165.40676261964643,2156.5182433403975,0.0,13250,True,9.87158489227295
2,1002,amortized,64,CL,3.1491651592081054,3.0,4.972171973603512,-165.72104833872353,2027.0484937801286,0.0,16000,True,35.71325898170471
2,1002,amortized,64,V,28.878381170851686,30.0,-3.738729430494381,-165.72104833872353,2027.0484937801286,0.0,16000,True,35.71327185630798
2,1002,amortized,64,ka,1.1950050830140488,1.2,-0.41624308216259287,-165.72104833872353,2027.0484937801286,0.0,16000,True,35.713277101516724
2,1002,amortized,64,om_CL,0.28166598199950055,0.3,-6.111339333499814,-165.72104833872353,2027.0484937801286,0.0,16000,True,35.71328091621399
2,1002,amortized,64,om_V,0.15582640351803037,0.2,-22.08679824098482,-165.72104833872353,2027.0484937801286,0.0,16000,True,35.71328401565552
2,1002,amortized,64,om_ka,0.32896679198773376,0.4,-17.758302003066564,-165.72104833872353,2027.0484937801286,0.0,16000,True,35.71328806877136
2,1002,amortized,64,sigma,0.20698598065255627,0.2,3.4929903262781306,-165.72104833872353,2027.0484937801286,0.0,16000,True,35.71329092979431
3,1003,free,1,CL,2.9734820894141865,3.0,-0.8839303528604514,-162.28719817615388,3098.655833951391,0.0,17000,True,6.171830892562866
3,1003,free,1,V,28.85994167932719,30.0,-3.8001944022427026,-162.28719817615388,3098.655833951391,0.0,17000,True,6.171838998794556
3,1003,free,1,ka,1.0395124491459515,1.2,-13.373962571170702,-162.28719817615388,3098.655833951391,0.0,17000,True,6.171843767166138
3,1003,free,1,om_CL,0.2770262195514063,0.3,-7.657926816197888,-162.28719817615388,3098.655833951391,0.0,17000,True,6.17185378074646
3,1003,free,1,om_V,0.03741223294955693,0.2,-81.29388352522153,-162.28719817615388,3098.655833951391,0.0,17000,True,6.171857833862305
3,1003,free,1,om_ka,0.4579835047560973,0.4,14.495876189024314,-162.28719817615388,3098.655833951391,0.0,17000,True,6.171861886978149
3,1003,free,1,sigma,0.21801994031753594,0.2,9.009970158767963,-162.28719817615388,3098.655833951391,0.0,17000,True,6.171867847442627
3,1003,free,8,CL,3.0898012685950103,3.0,2.993375619833675,-141.25830165352917,1736.889789008323,0.0,6750,True,3.72404408454895
3,1003,free,8,V,29.113493836914532,30.0,-2.9550205436182253,-141.25830165352917,1736.889789008323,0.0,6750,True,3.7240519523620605
3,1003,free,8,ka,1.077544447939575,1.2,-10.204629338368743,-141.25830165352917,1736.889789008323,0.0,6750,True,3.7240560054779053
3,1003,free,8,om_CL,0.2753968514636568,0.3,-8.201049512114404,-141.25830165352917,1736.889789008323,0.0,6750,True,3.724059820175171
3,1003,free,8,om_V,0.14017777658040603,0.2,-29.911111709796987,-141.25830165352917,1736.889789008323,0.0,6750,True,3.7240641117095947
3,1003,free,8,om_ka,0.40036373805972253,0.4,0.09093451493062676,-141.25830165352917,1736.889789008323,0.0,6750,True,3.7240681648254395
3,1003,free,8,sigma,0.19311416891292532,0.2,-3.4429155435373446,-141.25830165352917,1736.889789008323,0.0,6750,True,3.7240710258483887
3,1003,free,64,CL,3.109325989814213,3.0,3.6441996604737645,-140.49305186957412,1684.5649339948689,0.0,3750,True,7.389664888381958
3,1003,free,64,V,29.406576109725247,30.0,-1.9780796342491769,-140.49305186957412,1684.5649339948689,0.0,3750,True,7.389681816101074
3,1003,free,64,ka,1.086070566650253,1.2,-9.494119445812244,-140.49305186957412,1684.5649339948689,0.0,3750,True,7.3896870613098145
3,1003,free,64,om_CL,0.273623013768851,0.3,-8.792328743716327,-140.49305186957412,1684.5649339948689,0.0,3750,True,7.389691114425659
3,1003,free,64,om_V,0.16366722732733396,0.2,-18.166386336333023,-140.49305186957412,1684.5649339948689,0.0,3750,True,7.389694929122925
3,1003,free,64,om_ka,0.3995121681148666,0.4,-0.12195797128335129,-140.49305186957412,1684.5649339948689,0.0,3750,True,7.3896989822387695
3,1003,free,64,sigma,0.18878096824486204,0.2,-5.609515877568985,-140.49305186957412,1684.5649339948689,0.0,3750,True,7.389702081680298
3,1003,amortized,1,CL,2.939749975681241,3.0,-2.008334143958631,-170.61865740934445,1379.5841452446155,0.0,25000,False,13.853224277496338
3,1003,amortized,1,V,29.258953218408323,30.0,-2.470155938638925,-170.61865740934445,1379.5841452446155,0.0,25000,False,13.853233098983765
3,1003,amortized,1,ka,1.06072779322371,1.2,-11.606017231357495,-170.61865740934445,1379.5841452446155,0.0,25000,False,13.85324215888977
3,1003,amortized,1,om_CL,0.2882591528289608,0.3,-3.9136157236797273,-170.61865740934445,1379.5841452446155,0.0,25000,False,13.853246212005615
3,1003,amortized,1,om_V,0.09215411422427051,0.2,-53.92294288786474,-170.61865740934445,1379.5841452446155,0.0,25000,False,13.85325002670288
3,1003,amortized,1,om_ka,0.3933778421632627,0.4,-1.6555394591843269,-170.61865740934445,1379.5841452446155,0.0,25000,False,13.853254079818726
3,1003,amortized,1,sigma,0.2527661917646722,0.2,26.38309588233609,-170.61865740934445,1379.5841452446155,0.0,25000,False,13.853257179260254
3,1003,amortized,8,CL,3.067870155972362,3.0,2.2623385324120595,-140.97306591883017,1828.3003762178316,0.0,16500,True,12.363539934158325
3,1003,amortized,8,V,29.634801480268766,30.0,-1.2173283991041117,-140.97306591883017,1828.3003762178316,0.0,16500,True,12.363548278808594
3,1003,amortized,8,ka,1.0837905591587254,1.2,-9.684120070106218,-140.97306591883017,1828.3003762178316,0.0,16500,True,12.363553047180176
3,1003,amortized,8,om_CL,0.2789722169686477,0.3,-7.00926101045076,-140.97306591883017,1828.3003762178316,0.0,16500,True,12.36355710029602
3,1003,amortized,8,om_V,0.14086265935034936,0.2,-29.568670324825323,-140.97306591883017,1828.3003762178316,0.0,16500,True,12.363560914993286
3,1003,amortized,8,om_ka,0.422581775308038,0.4,5.645443827009489,-140.97306591883017,1828.3003762178316,0.0,16500,True,12.363564014434814
3,1003,amortized,8,sigma,0.19301085373276747,0.2,-3.4945731336162713,-140.97306591883017,1828.3003762178316,0.0,16500,True,12.36356806755066
3,1003,amortized,64,CL,3.105579216372428,3.0,3.519307212414269,-140.45816114229194,1735.3345188745784,0.0,25000,False,55.74559998512268
3,1003,amortized,64,V,29.19114569364525,30.0,-2.696181021182499,-140.45816114229194,1735.3345188745784,0.0,25000,False,55.74561810493469
3,1003,amortized,64,ka,1.0754198220623656,1.2,-10.38168149480286,-140.45816114229194,1735.3345188745784,0.0,25000,False,55.74562311172485
3,1003,amortized,64,om_CL,0.2758568469624653,0.3,-8.047717679178223,-140.45816114229194,1735.3345188745784,0.0,25000,False,55.7456271648407
3,1003,amortized,64,om_V,0.1612671126919179,0.2,-19.366443654041053,-140.45816114229194,1735.3345188745784,0.0,25000,False,55.74563002586365
3,1003,amortized,64,om_ka,0.41280723582739554,0.4,3.201808956848878,-140.45816114229194,1735.3345188745784,0.0,25000,False,55.74563407897949
3,1003,amortized,64,sigma,0.18841383694200953,0.2,-5.793081528995241,-140.45816114229194,1735.3345188745784,0.0,25000,False,55.74563717842102
4,1004,free,1,CL,3.022620776895902,3.0,0.7540258965300713,-203.8925967450138,2014.485683794566,0.0,17000,True,6.140820026397705
4,1004,free,1,V,29.794234903912688,30.0,-0.6858836536243729,-203.8925967450138,2014.485683794566,0.0,17000,True,6.14083194732666
4,1004,free,1,ka,1.1859815425197302,1.2,-1.1682047900224795,-203.8925967450138,2014.485683794566,0.0,17000,True,6.140836954116821
4,1004,free,1,om_CL,0.3251856662471159,0.3,8.395222082371978,-203.8925967450138,2014.485683794566,0.0,17000,True,6.140841007232666
4,1004,free,1,om_V,0.2013829060638016,0.2,0.6914530319007961,-203.8925967450138,2014.485683794566,0.0,17000,True,6.140845060348511
4,1004,free,1,om_ka,0.11813229758013895,0.4,-70.46692560496527,-203.8925967450138,2014.485683794566,0.0,17000,True,6.140876054763794
4,1004,free,1,sigma,0.22421187008185184,0.2,12.105935040925914,-203.8925967450138,2014.485683794566,0.0,17000,True,6.14087986946106
4,1004,free,8,CL,3.010954426946571,3.0,0.3651475648856965,-195.16321703494748,1823.319546263016,0.0,3750,True,2.083674907684326
4,1004,free,8,V,29.60996256887856,30.0,-1.3001247704047951,-195.16321703494748,1823.319546263016,0.0,3750,True,2.0836901664733887
4,1004,free,8,ka,1.18633985621692,1.2,-1.1383453152566578,-195.16321703494748,1823.319546263016,0.0,3750,True,2.0836949348449707
4,1004,free,8,om_CL,0.3291709533258543,0.3,9.723651108618096,-195.16321703494748,1823.319546263016,0.0,3750,True,2.083698034286499
4,1004,free,8,om_V,0.1971070051856212,0.2,-1.446497407189412,-195.16321703494748,1823.319546263016,0.0,3750,True,2.0837020874023438
4,1004,free,8,om_ka,0.25288593587290764,0.4,-36.778516031773094,-195.16321703494748,1823.319546263016,0.0,3750,True,2.0837059020996094
4,1004,free,8,sigma,0.21124644096248643,0.2,5.62322048124321,-195.16321703494748,1823.319546263016,0.0,3750,True,2.0837090015411377
4,1004,free,64,CL,3.023705000535466,3.0,0.7901666845155327,-194.24553931369047,1727.5753841205271,0.0,8500,True,16.708986043930054
4,1004,free,64,V,29.479975707388185,30.0,-1.73341430870605,-194.24553931369047,1727.5753841205271,0.0,8500,True,16.70899510383606
4,1004,free,64,ka,1.1876240518719243,1.2,-1.0313290106729693,-194.24553931369047,1727.5753841205271,0.0,8500,True,16.708998918533325
4,1004,free,64,om_CL,0.33241483956129086,0.3,10.804946520430292,-194.24553931369047,1727.5753841205271,0.0,8500,True,16.70900297164917
4,1004,free,64,om_V,0.2067022418534341,0.2,3.351120926717049,-194.24553931369047,1727.5753841205271,0.0,8500,True,16.709007024765015
4,1004,free,64,om_ka,0.31764298785896394,0.4,-20.58925303525902,-194.24553931369047,1727.5753841205271,0.0,8500,True,16.709009885787964
4,1004,free,64,sigma,0.20655586786976554,0.2,3.277933934882765,-194.24553931369047,1727.5753841205271,0.0,8500,True,16.70901393890381
4,1004,amortized,1,CL,2.997840681048672,3.0,-0.07197729837759385,-205.79657486937595,2378.357518797779,0.0,25000,False,13.958275079727173
4,1004,amortized,1,V,29.868261781914974,30.0,-0.4391273936167532,-205.79657486937595,2378.357518797779,0.0,25000,False,13.958282947540283
4,1004,amortized,1,ka,1.1850683147271048,1.2,-1.2443071060745936,-205.79657486937595,2378.357518797779,0.0,25000,False,13.958288192749023
4,1004,amortized,1,om_CL,0.3265743112940651,0.3,8.858103764688375,-205.79657486937595,2378.357518797779,0.0,25000,False,13.958292007446289
4,1004,amortized,1,om_V,0.2063935677303115,0.2,3.196783865155747,-205.79657486937595,2378.357518797779,0.0,25000,False,13.958296060562134
4,1004,amortized,1,om_ka,0.08467861895218892,0.4,-78.83034526195277,-205.79657486937595,2378.357518797779,0.0,25000,False,13.958300113677979
4,1004,amortized,1,sigma,0.22786852204165045,0.2,13.93426102082522,-205.79657486937595,2378.357518797779,0.0,25000,False,13.958302974700928
4,1004,amortized,8,CL,3.051796598579641,3.0,1.7265532859880306,-195.19588427644274,1669.0554117649929,0.0,9250,True,6.892728805541992
4,1004,amortized,8,V,29.88294056763292,30.0,-0.39019810789026127,-195.19588427644274,1669.0554117649929,0.0,9250,True,6.892735958099365
4,1004,amortized,8,ka,1.1730860094956537,1.2,-2.2428325420288573,-195.19588427644274,1669.0554117649929,0.0,9250,True,6.892740726470947
4,1004,amortized,8,om_CL,0.32991141762688575,0.3,9.970472542295255,-195.19588427644274,1669.0554117649929,0.0,9250,True,6.892744779586792
4,1004,amortized,8,om_V,0.19245803486644097,0.2,-3.770982566779518,-195.19588427644274,1669.0554117649929,0.0,9250,True,6.892749071121216
4,1004,amortized,8,om_ka,0.26003032464151976,0.4,-34.99241883962006,-195.19588427644274,1669.0554117649929,0.0,9250,True,6.892753839492798
4,1004,amortized,8,sigma,0.20952049772504178,0.2,4.760248862520882,-195.19588427644274,1669.0554117649929,0.0,9250,True,6.892757892608643
4,1004,amortized,64,CL,2.927774766657931,3.0,-2.4075077780689735,-194.2238299292649,2088.5726708737507,0.0,23750,True,52.99543309211731
4,1004,amortized,64,V,29.668440051814247,30.0,-1.1051998272858417,-194.2238299292649,2088.5726708737507,0.0,23750,True,52.99544405937195
4,1004,amortized,64,ka,1.1691179145490365,1.2,-2.5735071209136247,-194.2238299292649,2088.5726708737507,0.0,23750,True,52.99544811248779
4,1004,amortized,64,om_CL,0.32972336559179255,0.3,9.907788530597522,-194.2238299292649,2088.5726708737507,0.0,23750,True,52.9954559803009
4,1004,amortized,64,om_V,0.2034899240117457,0.2,1.7449620058728466,-194.2238299292649,2088.5726708737507,0.0,23750,True,52.99545907974243
4,1004,amortized,64,om_ka,0.30639603538759413,0.4,-23.40099115310147,-194.2238299292649,2088.5726708737507,0.0,23750,True,52.9954628944397
4,1004,amortized,64,sigma,0.20881582507557706,0.2,4.407912537788522,-194.2238299292649,2088.5726708737507,0.0,23750,True,52.995465993881226
5,1005,free,1,CL,2.7877498175382724,3.0,-7.075006082057585,-169.58039851624397,1413.7796990713061,0.0,20000,True,7.228653192520142
5,1005,free,1,V,31.03631860160766,30.0,3.4543953386922035,-169.58039851624397,1413.7796990713061,0.0,20000,True,7.228665113449097
5,1005,free,1,ka,1.15417811025371,1.2,-3.8184908121908223,-169.58039851624397,1413.7796990713061,0.0,20000,True,7.228670120239258
5,1005,free,1,om_CL,0.3018061234883545,0.3,0.6020411627848388,-169.58039851624397,1413.7796990713061,0.0,20000,True,7.228673219680786
5,1005,free,1,om_V,0.19380148455741456,0.2,-3.099257721292728,-169.58039851624397,1413.7796990713061,0.0,20000,True,7.228677272796631
5,1005,free,1,om_ka,0.2519290568391369,0.4,-37.017735790215774,-169.58039851624397,1413.7796990713061,0.0,20000,True,7.22868013381958
5,1005,free,1,sigma,0.21098015878557724,0.2,5.490079392788616,-169.58039851624397,1413.7796990713061,0.0,20000,True,7.228684186935425
5,1005,free,8,CL,2.7551722267014287,3.0,-8.160925776619044,-162.6098455840064,1620.9032975033372,0.0,13750,True,6.838237762451172
5,1005,free,8,V,30.55228799692244,30.0,1.8409599897414708,-162.6098455840064,1620.9032975033372,0.0,13750,True,6.838247776031494
5,1005,free,8,ka,1.1597943853269774,1.2,-3.3504678894185442,-162.6098455840064,1620.9032975033372,0.0,13750,True,6.838251829147339
5,1005,free,8,om_CL,0.31348957687403245,0.3,4.496525624677487,-162.6098455840064,1620.9032975033372,0.0,13750,True,6.838256120681763
5,1005,free,8,om_V,0.19761483024939816,0.2,-1.1925848753009254,-162.6098455840064,1620.9032975033372,0.0,13750,True,6.838259935379028
5,1005,free,8,om_ka,0.36620552991872235,0.4,-8.448617520319418,-162.6098455840064,1620.9032975033372,0.0,13750,True,6.838263034820557
5,1005,free,8,sigma,0.1930174241594083,0.2,-3.491287920295849,-162.6098455840064,1620.9032975033372,0.0,13750,True,6.838265895843506
5,1005,free,64,CL,2.77173057559632,3.0,-7.608980813455993,-162.2839744133373,1933.5648234953221,0.0,7750,True,12.99396562576294
5,1005,free,64,V,30.59682877622291,30.0,1.9894292540763676,-162.2839744133373,1933.5648234953221,0.0,7750,True,12.993973016738892
5,1005,free,64,ka,1.139796501490064,1.2,-5.016958209161334,-162.2839744133373,1933.5648234953221,0.0,7750,True,12.993977785110474
5,1005,free,64,om_CL,0.3119134800503159,0.3,3.971160016771965,-162.2839744133373,1933.5648234953221,0.0,7750,True,12.993981838226318
5,1005,free,64,om_V,0.2112715830191767,0.2,5.635791509588344,-162.2839744133373,1933.5648234953221,0.0,7750,True,12.993984699249268
5,1005,free,64,om_ka,0.3596308813486639,0.4,-10.092279662834033,-162.2839744133373,1933.5648234953221,0.0,7750,True,12.993988752365112
5,1005,free,64,sigma,0.19383520967336884,0.2,-3.0823951633155846,-162.2839744133373,1933.5648234953221,0.0,7750,True,12.99399185180664
5,1005,amortized,1,CL,2.834123319417488,3.0,-5.529222686083735,-182.60694298420424,1368.6540714298924,0.0,25000,False,12.71711277961731
5,1005,amortized,1,V,31.54141789930463,30.0,5.138059664348767,-182.60694298420424,1368.6540714298924,0.0,25000,False,12.717120885848999
5,1005,amortized,1,ka,1.1549142274517095,1.2,-3.757147712357541,-182.60694298420424,1368.6540714298924,0.0,25000,False,12.717136859893799
5,1005,amortized,1,om_CL,0.2829956671977257,0.3,-5.668110934091438,-182.60694298420424,1368.6540714298924,0.0,25000,False,12.717140913009644
5,1005,amortized,1,om_V,0.1882692183701796,0.2,-5.865390814910207,-182.60694298420424,1368.6540714298924,0.0,25000,False,12.71714472770691
5,1005,amortized,1,om_ka,0.19396746201571638,0.4,-51.50813449607091,-182.60694298420424,1368.6540714298924,0.0,25000,False,12.717148780822754
5,1005,amortized,1,sigma,0.23726183838220605,0.2,18.63091919110302,-182.60694298420424,1368.6540714298924,0.0,25000,False,12.717151880264282
5,1005,amortized,8,CL,2.7233530623495223,3.0,-9.221564588349255,-162.73137853979011,902.8843018646461,0.0,17000,True,11.606385707855225
5,1005,amortized,8,V,30.647566407429775,30.0,2.1585546914325824,-162.73137853979011,902.8843018646461,0.0,17000,True,11.606394052505493
5,1005,amortized,8,ka,1.113655369118053,1.2,-7.195385906828908,-162.73137853979011,902.8843018646461,0.0,17000,True,11.606397867202759
5,1005,amortized,8,om_CL,0.30988813381292596,0.3,3.2960446043086566,-162.73137853979011,902.8843018646461,0.0,17000,True,11.606401920318604
5,1005,amortized,8,om_V,0.199407937016793,0.2,-0.29603149160351006,-162.73137853979011,902.8843018646461,0.0,17000,True,11.606406688690186
5,1005,amortized,8,om_ka,0.3365417128707046,0.4,-15.864571782323852,-162.73137853979011,902.8843018646461,0.0,17000,True,11.60641098022461
5,1005,amortized,8,sigma,0.1995128555858239,0.2,-0.2435722070880525,-162.73137853979011,902.8843018646461,0.0,17000,True,11.606414079666138
5,1005,amortized,64,CL,2.809340618277988,3.0,-6.355312724067065,-162.32657012827949,1808.35956704161,0.0,20500,True,797.9911620616913
5,1005,amortized,64,V,30.67065454224458,30.0,2.2355151408152687,-162.32657012827949,1808.35956704161,0.0,20500,True,797.9911890029907
5,1005,amortized,64,ka,1.1446364743119386,1.2,-4.61362714067178,-162.32657012827949,1808.35956704161,0.0,20500,True,797.9911940097809
5,1005,amortized,64,om_CL,0.300258612648808,0.3,0.08620421626933292,-162.32657012827949,1808.35956704161,0.0,20500,True,797.9911980628967
5,1005,amortized,64,om_V,0.2113339869068666,0.2,5.6669934534332995,-162.32657012827949,1808.35956704161,0.0,20500,True,797.9912011623383
5,1005,amortized,64,om_ka,0.36069799156692434,0.4,-9.825502108268921,-162.32657012827949,1808.35956704161,0.0,20500,True,797.9912040233612
5,1005,amortized,64,sigma,0.19317446437795827,0.2,-3.4127678110208723,-162.32657012827949,1808.35956704161,0.0,20500,True,797.991208076477
6,1006,free,1,CL,3.0190575120541916,3.0,0.6352504018063865,-192.103764116444,3351.3701084434306,0.0,16750,True,5.544292211532593
6,1006,free,1,V,28.997006921163813,30.0,-3.3433102627872913,-192.103764116444,3351.3701084434306,0.0,16750,True,5.544299125671387
6,1006,free,1,ka,1.0890702784635684,1.2,-9.244143461369296,-192.103764116444,3351.3701084434306,0.0,16750,True,5.5443031787872314
6,1006,free,1,om_CL,0.2736828127322415,0.3,-8.772395755919502,-192.103764116444,3351.3701084434306,0.0,16750,True,5.544307231903076
6,1006,free,1,om_V,0.03348038371943793,0.2,-83.25980814028104,-192.103764116444,3351.3701084434306,0.0,16750,True,5.544311046600342
6,1006,free,1,om_ka,0.48645903586633205,0.4,21.614758966583008,-192.103764116444,3351.3701084434306,0.0,16750,True,5.54431414604187
6,1006,free,1,sigma,0.22621736037552323,0.2,13.108680187761609,-192.103764116444,3351.3701084434306,0.0,16750,True,5.544317245483398
6,1006,free,8,CL,3.0642666522108915,3.0,2.1422217403630484,-172.7063672181394,1898.4056560314575,0.0,10000,True,4.75220513343811
6,1006,free,8,V,29.329518924531236,30.0,-2.2349369182292143,-172.7063672181394,1898.4056560314575,0.0,10000,True,4.752212047576904
6,1006,free,8,ka,1.1351853578056426,1.2,-5.401220182863117,-172.7063672181394,1898.4056560314575,0.0,10000,True,4.752216100692749
6,1006,free,8,om_CL,0.2743474348077073,0.3,-8.550855064097567,-172.7063672181394,1898.4056560314575,0.0,10000,True,4.752220153808594
6,1006,free,8,om_V,0.14053923073594904,0.2,-29.730384632025483,-172.7063672181394,1898.4056560314575,0.0,10000,True,4.752223014831543
6,1006,free,8,om_ka,0.4270826412767395,0.4,6.770660319184871,-172.7063672181394,1898.4056560314575,0.0,10000,True,4.752226114273071
6,1006,free,8,sigma,0.20483531780420233,0.2,2.4176589021011607,-172.7063672181394,1898.4056560314575,0.0,10000,True,4.752230167388916
6,1006,free,64,CL,3.022342737332098,3.0,0.7447579110699376,-171.63901031618087,1759.8209120180704,0.0,6500,True,10.842127084732056
6,1006,free,64,V,29.292290407025778,30.0,-2.35903197658074,-171.63901031618087,1759.8209120180704,0.0,6500,True,10.84213399887085
6,1006,free,64,ka,1.1465658165391384,1.2,-4.452848621738466,-171.63901031618087,1759.8209120180704,0.0,6500,True,10.84213900566101
6,1006,free,64,om_CL,0.27674794100839956,0.3,-7.750686330533478,-171.63901031618087,1759.8209120180704,0.0,6500,True,10.842142820358276
6,1006,free,64,om_V,0.16153948073816016,0.2,-19.230259630919928,-171.63901031618087,1759.8209120180704,0.0,6500,True,10.842146873474121
6,1006,free,64,om_ka,0.43650140385949865,0.4,9.125350964874656,-171.63901031618087,1759.8209120180704,0.0,6500,True,10.84214997291565
6,1006,free,64,sigma,0.20115434192599935,0.2,0.577170962999668,-171.63901031618087,1759.8209120180704,0.0,6500,True,10.842153787612915
6,1006,amortized,1,CL,3.0079470533508816,3.0,0.2649017783627213,-193.14831353958755,1909.1033210253424,0.0,22750,True,11.626588821411133
6,1006,amortized,1,V,29.700668602425385,30.0,-0.9977713252487183,-193.14831353958755,1909.1033210253424,0.0,22750,True,11.626595735549927
6,1006,amortized,1,ka,1.089641103429516,1.2,-9.196574714207005,-193.14831353958755,1909.1033210253424,0.0,22750,True,11.62660002708435
6,1006,amortized,1,om_CL,0.27339664364303873,0.3,-8.86778545232042,-193.14831353958755,1909.1033210253424,0.0,22750,True,11.6266028881073
6,1006,amortized,1,om_V,0.05761038313455841,0.2,-71.19480843272079,-193.14831353958755,1909.1033210253424,0.0,22750,True,11.626606941223145
6,1006,amortized,1,om_ka,0.42818073602423085,0.4,7.045184006057705,-193.14831353958755,1909.1033210253424,0.0,22750,True,11.62661099433899
6,1006,amortized,1,sigma,0.24007322138589476,0.2,20.036610692947374,-193.14831353958755,1909.1033210253424,0.0,22750,True,11.626614093780518
6,1006,amortized,8,CL,2.969722149803143,3.0,-1.0092616732285602,-172.4336684103789,1782.7159865793865,0.0,23500,True,15.673848628997803
6,1006,amortized,8,V,29.093060557568084,30.0,-3.0231314747730544,-172.4336684103789,1782.7159865793865,0.0,23500,True,15.673856735229492
6,1006,amortized,8,ka,1.1549537375871186,1.2,-3.7538552010734456,-172.4336684103789,1782.7159865793865,0.0,23500,True,15.673860788345337
6,1006,amortized,8,om_CL,0.2689132287115512,0.3,-10.362257096149595,-172.4336684103789,1782.7159865793865,0.0,23500,True,15.673864841461182
6,1006,amortized,8,om_V,0.15001259111774162,0.2,-24.993704441129196,-172.4336684103789,1782.7159865793865,0.0,23500,True,15.673868656158447
6,1006,amortized,8,om_ka,0.4291296626270554,0.4,7.282415656763838,-172.4336684103789,1782.7159865793865,0.0,23500,True,15.673871755599976
6,1006,amortized,8,sigma,0.2024328444247322,0.2,1.2164222123660917,-172.4336684103789,1782.7159865793865,0.0,23500,True,15.67387580871582
6,1006,amortized,64,CL,2.9822251825400508,3.0,-0.5924939153316414,-171.35485476468347,1915.2996781287452,0.0,18250,True,34.60107970237732
6,1006,amortized,64,V,29.592657683287552,30.0,-1.357807722374827,-171.35485476468347,1915.2996781287452,0.0,18250,True,34.60108685493469
6,1006,amortized,64,ka,1.1282076560871235,1.2,-5.98269532607304,-171.35485476468347,1915.2996781287452,0.0,18250,True,34.60109090805054
6,1006,amortized,64,om_CL,0.2760611383662865,0.3,-7.979620544571168,-171.35485476468347,1915.2996781287452,0.0,18250,True,34.60109496116638
6,1006,amortized,64,om_V,0.1602293518061202,0.2,-19.885324096939907,-171.35485476468347,1915.2996781287452,0.0,18250,True,34.60109901428223
6,1006,amortized,64,om_ka,0.44609364547437247,0.4,11.523411368593113,-171.35485476468347,1915.2996781287452,0.0,18250,True,34.601101875305176
6,1006,amortized,64,sigma,0.20104050650864053,0.2,0.5202532543202576,-171.35485476468347,1915.2996781287452,0.0,18250,True,34.60110592842102
7,1007,free,1,CL,3.027943994951727,3.0,0.9314664983908946,-177.18205341555134,871.1896959424643,0.008333333333333333,14000,True,4.570917129516602
7,1007,free,1,V,30.46244249273011,30.0,1.5414749757670283,-177.18205341555134,871.1896959424643,0.008333333333333333,14000,True,4.570934057235718
7,1007,free,1,ka,1.2196673998216216,1.2,1.6389499851351408,-177.18205341555134,871.1896959424643,0.008333333333333333,14000,True,4.570939064025879
7,1007,free,1,om_CL,0.28168132165438065,0.3,-6.106226115206448,-177.18205341555134,871.1896959424643,0.008333333333333333,14000,True,4.5709428787231445
7,1007,free,1,om_V,0.18878590555287766,0.2,-5.607047223561173,-177.18205341555134,871.1896959424643,0.008333333333333333,14000,True,4.570945978164673
7,1007,free,1,om_ka,0.32496822516539436,0.4,-18.757943708651414,-177.18205341555134,871.1896959424643,0.008333333333333333,14000,True,4.570950031280518
7,1007,free,1,sigma,0.21546251654041831,0.2,7.7312582702091515,-177.18205341555134,871.1896959424643,0.008333333333333333,14000,True,4.570952892303467
7,1007,free,8,CL,3.0029463200783773,3.0,0.09821066927924171,-172.95973488674957,1639.5297354698698,0.0,7750,True,3.846997022628784
7,1007,free,8,V,30.02800466129445,30.0,0.09334887098149854,-172.95973488674957,1639.5297354698698,0.0,7750,True,3.847003936767578
7,1007,free,8,ka,1.197866104427045,1.2,-0.17782463107957058,-172.95973488674957,1639.5297354698698,0.0,7750,True,3.8470089435577393
7,1007,free,8,om_CL,0.29709724509852325,0.3,-0.9675849671589114,-172.95973488674957,1639.5297354698698,0.0,7750,True,3.847012996673584
7,1007,free,8,om_V,0.19890908281687975,0.2,-0.5454585915601329,-172.95973488674957,1639.5297354698698,0.0,7750,True,3.847015857696533
7,1007,free,8,om_ka,0.3934653768249031,0.4,-1.6336557937742247,-172.95973488674957,1639.5297354698698,0.0,7750,True,3.847020149230957
7,1007,free,8,sigma,0.1949750430947104,0.2,-2.512478452644809,-172.95973488674957,1639.5297354698698,0.0,7750,True,3.847022771835327
7,1007,free,64,CL,2.9835674385013045,3.0,-0.547752049956518,-171.82384465018475,1835.3212186396856,0.0,9750,True,46.478662729263306
7,1007,free,64,V,30.13386245823659,30.0,0.4462081941219627,-171.82384465018475,1835.3212186396856,0.0,9750,True,46.47868371009827
7,1007,free,64,ka,1.1949779621707302,1.2,-0.41850315243914993,-171.82384465018475,1835.3212186396856,0.0,9750,True,46.47868871688843
7,1007,free,64,om_CL,0.2968634272374419,0.3,-1.0455242541860255,-171.82384465018475,1835.3212186396856,0.0,9750,True,46.478691816329956
7,1007,free,64,om_V,0.21027318628200012,0.2,5.136593141000054,-171.82384465018475,1835.3212186396856,0.0,9750,True,46.4786958694458
7,1007,free,64,om_ka,0.41349952047413263,0.4,3.3748801185331523,-171.82384465018475,1835.3212186396856,0.0,9750,True,46.47869896888733
7,1007,free,64,sigma,0.19170779284381584,0.2,-4.146103578092086,-171.82384465018475,1835.3212186396856,0.0,9750,True,46.47870182991028
7,1007,amortized,1,CL,2.9565007160032013,3.0,-1.4499761332266232,-178.64833062936137,1089.4205732837304,0.0,14000,True,32.25085711479187
7,1007,amortized,1,V,30.091925258053383,30.0,0.3064175268446097,-178.64833062936137,1089.4205732837304,0.0,14000,True,32.25088691711426
7,1007,amortized,1,ka,1.1964111307506633,1.2,-0.29907243744472145,-178.64833062936137,1089.4205732837304,0.0,14000,True,32.250893115997314
7,1007,amortized,1,om_CL,0.2959235892521299,0.3,-1.358803582623358,-178.64833062936137,1089.4205732837304,0.0,14000,True,32.25089693069458
7,1007,amortized,1,om_V,0.1908883140155675,0.2,-4.555842992216258,-178.64833062936137,1089.4205732837304,0.0,14000,True,32.250900983810425
7,1007,amortized,1,om_ka,0.32183104577827937,0.4,-19.54223855543016,-178.64833062936137,1089.4205732837304,0.0,14000,True,32.25090408325195
7,1007,amortized,1,sigma,0.21171308748419004,0.2,5.856543742095016,-178.64833062936137,1089.4205732837304,0.0,14000,True,32.25090789794922
7,1007,amortized,8,CL,3.002492475861042,3.0,0.08308252870139476,-173.70418589071096,1703.714756355315,0.0,23750,True,17.59051203727722
7,1007,amortized,8,V,29.49330423545801,30.0,-1.6889858818066372,-173.70418589071096,1703.714756355315,0.0,23750,True,17.59052014350891
7,1007,amortized,8,ka,1.1807962340542948,1.2,-1.6003138288087637,-173.70418589071096,1703.714756355315,0.0,23750,True,17.590525150299072
7,1007,amortized,8,om_CL,0.3024958459495449,0.3,0.8319486498482946,-173.70418589071096,1703.714756355315,0.0,23750,True,17.590528964996338
7,1007,amortized,8,om_V,0.20646780425681605,0.2,3.233902128408017,-173.70418589071096,1703.714756355315,0.0,23750,True,17.590532064437866
7,1007,amortized,8,om_ka,0.3708098842804354,0.4,-7.297528929891161,-173.70418589071096,1703.714756355315,0.0,23750,True,17.590535879135132
7,1007,amortized,8,sigma,0.1988953862271108,0.2,-0.5523068864446007,-173.70418589071096,1703.714756355315,0.0,23750,True,17.59053897857666
7,1007,amortized,64,CL,2.9559475316360198,3.0,-1.4684156121326748,-172.5265182185345,1744.5457026515803,0.0,15000,True,33.11216926574707
7,1007,amortized,64,V,30.228696051896616,30.0,0.7623201729887205,-172.5265182185345,1744.5457026515803,0.0,15000,True,33.11217713356018
7,1007,amortized,64,ka,1.2158419872102615,1.2,1.3201656008551277,-172.5265182185345,1744.5457026515803,0.0,15000,True,33.112180948257446
7,1007,amortized,64,om_CL,0.300455441499741,0.3,0.1518138332470091,-172.5265182185345,1744.5457026515803,0.0,15000,True,33.11218500137329
7,1007,amortized,64,om_V,0.21925823485429263,0.2,9.62911742714631,-172.5265182185345,1744.5457026515803,0.0,15000,True,33.112189292907715
7,1007,amortized,64,om_ka,0.395855264937007,0.4,-1.0361837657482524,-172.5265182185345,1744.5457026515803,0.0,15000,True,33.112191915512085
7,1007,amortized,64,sigma,0.19196583062261044,0.2,-4.017084688694785,-172.5265182185345,1744.5457026515803,0.0,15000,True,33.11219620704651
