replicate,seed,ll_reduced,ll_full,dofv,converged_reduced,converged_full,n_steps_reduced,n_steps_full,secs,CL_reduced,V_reduced,ka_reduced,om_CL_reduced,om_V_reduced,sigma_reduced,CL_full,V_full,ka_full,om_CL_full,om_V_full,om_ka_full,sigma_full,sigma_diff
0,5000,-105.7280028678839,-105.55257821341951,0.35084930892878674,True,True,2250,17750,74.04123878479004,3.037973960594398,30.565631057745357,1.2630817245235546,0.30694391323576414,0.1764472781566097,0.19904139329555762,3.012182958353304,30.527993065760107,1.2646765342741562,0.3062498208518493,0.17394021903497756,0.007843750210390318,0.1984649663801504,-0.0005764269154072132
1,5001,-116.40836710410602,-116.3316694936058,0.15339522100043723,True,True,2250,11000,47.33028507232666,2.989753043533332,29.86333259299074,1.134224076178548,0.29114721009155964,0.20456920922724275,0.19913687967164206,2.9094035886473777,29.628868835628722,1.137370021974836,0.29497036241440505,0.1997430396472215,0.009369935295745908,0.20050437495693182,0.0013674952852897604
2,5002,-113.28706310951036,-113.49507269380945,-0.4160191685981829,True,True,5250,13500,67.61986494064331,2.917327184292064,29.393713313424072,1.2522156015816817,0.28129805385916923,0.19293712255787976,0.20312502704822522,2.8606275266711383,29.836539382799007,1.2311033841979822,0.2764823444973826,0.19740035345697857,0.03073914682124003,0.20182552191605133,-0.0012995051321738893
3,5003,-120.7367395884082,-120.54184141759387,0.38979634162865295,True,True,3000,18000,76.84549236297607,2.9285404524014633,30.978337973964077,1.2561541128505442,0.31071576666510936,0.20588601596441705,0.20008621856643807,2.969197385916597,30.9392467161285,1.24449116938519,0.3077100102611567,0.2074539232010606,0.011495931306955386,0.20023848842402925,0.00015226985759117517
4,5004,-135.55596287763314,-135.76710022163957,-0.4222746880128625,True,True,2500,23000,94.43044114112854,3.1069812703292454,30.04848041010682,1.1724285455635841,0.25353184637525034,0.2081304443153346,0.21063364146700675,3.051857692628958,29.975408343287956,1.1785750697792539,0.25737583176352985,0.21037921504027707,0.02862839299120133,0.20923282588414505,-0.001400815582861703
5,5005,-133.07886136329174,-133.40404789296537,-0.6503730593472596,True,True,2250,8750,38.70685315132141,3.0826223733616955,29.566509931005736,1.177146565624279,0.28916922674805884,0.1972322032701996,0.20591971459422878,3.049536681532508,29.454947080516835,1.1647535028634506,0.28802175705053434,0.20081992979768365,0.014107851311134704,0.20579219081763822,-0.00012752377659056013
6,5006,-131.01799976103518,-130.2730288334592,1.489941855151983,True,True,5000,15000,72.23706412315369,3.0375620233596186,29.327711228607516,1.1792804675442554,0.3120084968236193,0.21429159441729093,0.1990524541928099,2.903692212721064,29.329631464708953,1.183878142559311,0.3183089541701642,0.21366361304293657,0.019584529951587555,0.20040281922913658,0.001350365036326684
7,5007,-134.90772402568598,-134.58323604597098,0.648975959430004,True,True,2000,13500,55.22842001914978,2.8100148207764835,29.89550541320817,1.2679701355587978,0.31276153653234906,0.20316040300656119,0.2051321787014354,2.882606839781799,29.90478313800019,1.2763479153159538,0.3140387000525978,0.20431948200415476,0.04265359257358877,0.20475586353852085,-0.0003763151629145589
8,5008,-103.15899539833714,-102.89739047197581,0.5232098527226583,True,True,2000,14750,61.69647789001465,2.9423170399308254,29.581825628972425,1.1685194021623693,0.26704193375850005,0.18142584121137897,0.20094187072236766,2.9061628289011723,29.33117791175022,1.1853405703250552,0.27010680331170644,0.18196714864878502,0.07157170314650602,0.19848478801812536,-0.0024570827042423027
9,5009,-143.04729137990864,-142.99073840471758,0.11310595038213478,True,True,4500,9500,51.38909602165222,3.0475935789599937,29.7483478617155,1.2006099426774126,0.25945772986057486,0.22637155261896819,0.21160904656534046,3.044838821893963,29.749274544519203,1.1855840121364138,0.25839761872407513,0.22635732442752413,0.011703768098921022,0.2089238791737387,-0.002685167391601767
10,5010,-138.97431808114396,-139.12628539008105,-0.30393461787417664,True,True,2500,10250,48.26311492919922,3.0579816408432166,30.083054500086824,1.189007493879316,0.308486078950327,0.22602864768522488,0.19890727342764283,3.0489977834363895,30.454387751271963,1.20366795735963,0.31246662512221385,0.22906346784874887,0.011588567869071517,0.20015888793091038,0.0012516145032675507
11,5011,-115.45684255563458,-114.81182188360512,1.2900413440589205,True,True,2000,11750,51.631903886795044,3.0106822051560553,28.542972733465014,1.154089624927107,0.29555345736143934,0.19250867212222156,0.20003659371038426,2.9097548330802194,28.594317699749862,1.1555132672036887,0.29724097796911253,0.19287471986679197,0.04444749211011493,0.1984373359622799,-0.0015992577481043768
12,5012,-79.66138392793879,-80.03668192325932,-0.7505959906410737,True,True,2750,9250,42.9065260887146,2.8861181005969847,31.087263113469348,1.1797958908045114,0.28871683621455285,0.18546450617396712,0.1908022882148282,2.902838215772605,30.592667674745496,1.1721059525282889,0.2882498688027542,0.1879396687972117,0.009925406099751075,0.1922783845571393,0.0014760963423111062
13,5013,-141.84496418217543,-141.5543236902877,0.5812809837754571,True,True,2250,9750,42.68526601791382,3.0894913672812625,29.84457137966864,1.2002855592903863,0.3249595310176278,0.20075803748665386,0.2036647856246965,3.0075774177118686,30.1048056024512,1.206361307276544,0.3226128111523327,0.19698341924583643,0.010070925274332607,0.20590433382740855,0.0022395482027120495
14,5014,-121.13326856928782,-120.6701329326803,0.9262712732150362,True,True,5500,14250,68.35897898674011,3.0534335517759055,30.11256218010258,1.2437411653351182,0.32462224186495214,0.20619290661999035,0.1945892993959388,3.0633398191102983,30.251499341331836,1.2328493214578158,0.32043449657367656,0.20467384734372482,0.015964124569887883,0.19517678107657438,0.0005874816806355765
15,5015,-84.56293738907473,-84.46885599365854,0.1881627908323935,True,True,2250,20000,79.38260388374329,3.1167938368915067,29.40332365640243,1.1732379660133718,0.2772349579399882,0.2074258815985681,0.18586732231128691,2.9852265135998874,29.71002908101225,1.1846758558732573,0.28375687926160137,0.21621297985234386,0.014719399132524036,0.18630313972176185,0.00043581741047493683
16,5016,-103.82948798082704,-102.41482636981678,2.82932322202052,True,True,2500,15500,63.835280895233154,2.8950799866824544,29.7287145056701,1.2050508818748102,0.25973916748939097,0.21559096905124397,0.19857927124951885,2.8837675752449754,29.85886839009533,1.1929418150528581,0.26209237306127114,0.20742809921305647,0.13312990187853466,0.19384087941837555,-0.0047383918311433015
17,5017,-145.75935066049732,-144.60119057677286,2.3163201674489073,True,True,3250,10250,46.83803200721741,3.1194512142079485,29.032996695092194,1.1854136151040746,0.29773570428763513,0.22007014706823808,0.20655114610137199,3.027293503064653,29.18243095627219,1.1893431893505522,0.3023040532329665,0.21488585914878636,0.08153753257809038,0.20380102400525169,-0.0027501220961203
18,5018,-116.01986556285976,-116.54668682685852,-1.0536425279975106,True,True,2500,7750,35.803982973098755,2.878235253029033,29.60124063046222,1.1862230010824777,0.27223132838376807,0.1771744022169524,0.2091049084023709,2.8290885252840225,29.9592136187287,1.1664517140307376,0.2755920649209871,0.17693213059047366,0.01208867852264631,0.20661993684195157,-0.0024849715604193245
19,5019,-132.26801916429469,-132.10396525204544,0.3281078244984883,True,True,2250,20000,79.44253182411194,3.0158759194955933,29.373164145765916,1.1401882456686168,0.3112618724761156,0.1772596004492703,0.20666326033732688,3.077509824063445,29.222169531138505,1.1295809027779307,0.3114738639329063,0.17696030018306178,0.009735841483727355,0.20631623526104628,-0.00034702507628059376
20,5020,-106.87505581499882,-106.40055232610278,0.9490069777920667,True,True,2250,14750,60.00547194480896,3.14276877556099,30.2929042093556,1.2335354230774829,0.30843823725323793,0.20080476620063606,0.192732121676188,3.202283572110096,29.862691655043804,1.2375318614791868,0.312015319262628,0.19765775033464264,0.006193793211349632,0.1900635975127417,-0.0026685241634462897
21,5021,-137.291376827072,-136.772769112323,1.0372154294980191,True,True,2250,12750,52.653899908065796,3.025728746032397,30.076789130284055,1.1926519456858438,0.3539017276005215,0.19025651931871346,0.2028657617888658,2.920389606628375,29.97260752246142,1.1981291605371602,0.35613732276889054,0.18569842337623801,0.09675721362248044,0.19949211526647387,-0.003373646522391943
22,5022,-145.44024759147862,-145.43540596065418,0.00968326164888822,True,True,2250,9500,41.545140981674194,3.0395612187375844,28.77391260655362,1.2449495119897749,0.304779434440658,0.18986793742397343,0.21008415684976145,2.9948049514006625,28.651125025651417,1.242639165870505,0.3073577868374373,0.1905001848451383,0.017913200924085187,0.20991334214828042,-0.00017081470148103128
23,5023,-105.9306081581146,-106.4624167807111,-1.0636172451930008,True,True,3250,13500,58.29450082778931,2.904480316673347,30.79781957561182,1.2805937422843454,0.31398077311742684,0.1712629469636878,0.20192558550937428,2.8132469528856556,31.081321566364835,1.2552079319533367,0.3156480093410855,0.16096040777591916,0.07905306554422675,0.2011060895938799,-0.0008194959154943782
24,5024,-90.85434374058207,-91.00315817829531,-0.29762887542648286,True,True,3000,9750,44.095295906066895,2.8522072885124894,29.232759967994436,1.2025892035995442,0.3205754622664128,0.17613148924114494,0.19147176709205516,2.840575020825681,28.93154825416429,1.196461791287784,0.32328681081732435,0.17512996770973488,0.009592351152297555,0.19066380493677926,-0.0008079621552758987
25,5025,-134.18279041517852,-133.99243310029,0.38071462977706005,True,True,3000,5750,29.744304895401,3.0580136428775644,29.96744445695381,1.1769283032148579,0.2985950486670567,0.18750226195150865,0.2086168102433804,2.9670041991908187,29.654349131340744,1.1883606597504328,0.3028133375697253,0.18594283292397648,0.050470292323305334,0.20771784842382057,-0.0008989618195598403
26,5026,-124.76416441735837,-124.32516266907795,0.8780034965608365,True,True,3000,14250,60.12799882888794,3.119813721260506,29.6216142771486,1.125586277690796,0.2767035603059795,0.19681832542275515,0.20438332002159904,3.04812779658177,29.729098036566338,1.147659107803666,0.28049441122814023,0.20072388293062707,0.011813524005125562,0.20341377998947718,-0.0009695400321218517
27,5027,-119.64539278207512,-119.05153716717416,1.18771122980192,True,True,4250,11250,53.29493975639343,3.043523690807154,30.105213579655345,1.182981633239002,0.3121723757315007,0.18409623213238901,0.2004284055603007,2.9321495174444547,30.108866316915453,1.18867414505512,0.30947420509006296,0.18597565448091252,0.06343372325454015,0.20082690762084596,0.0003985020605452583
28,5028,-44.49205920696999,-44.29002494059199,0.40406853275599985,True,True,2250,19500,77.3907699584961,2.969658807121459,30.888758463242592,1.2353408728243305,0.21948886452347371,0.17221788545622413,0.19067759246099072,2.9822748266928274,30.846181846307065,1.2216361598992882,0.22147847526950296,0.17103916952099907,0.006571942651173886,0.18995059986967097,-0.0007269925913197528
29,5029,-136.07296634040057,-135.0023909478199,2.141150785161358,True,True,2000,20000,77.7830958366394,3.1630444419039367,29.850143053899657,1.228135817612173,0.29657591781483555,0.18152645751509025,0.20681088035541062,3.0754898432810873,30.014972574582796,1.2282667790407593,0.29686661315692936,0.18567217938661007,0.017775921034821545,0.2071507530066261,0.00033987265121548926
30,5030,-143.1271902738692,-141.29489167518557,3.664597197367243,True,True,2250,11500,47.87534308433533,3.110705192051369,30.58948232642628,1.1713789866354798,0.29979394697490236,0.21686681203506872,0.2035365677617386,3.166988356042642,29.950928095249743,1.188970172549829,0.3039637911655889,0.2121931517346951,0.1219055852913115,0.19971727361710517,-0.003819294144633417
31,5031,-134.879922593417,-133.43713626238076,2.885572662072491,True,True,5250,5000,33.655322313308716,2.992793930299279,29.280749307711808,1.1704828485997234,0.29208269006121756,0.18871463430214663,0.2089729095786626,2.911881871121493,29.47585292649714,1.1599266888222235,0.2939172440079164,0.18176137593156289,0.16128682034272743,0.2025834198755222,-0.006389489703140405
32,5032,-91.66252239522709,-91.39873574725218,0.5275732959498214,True,True,5250,11000,55.46508431434631,2.9195770266884877,29.73355528217725,1.259613464827922,0.30642688313447325,0.18188358000705449,0.1928051618569297,2.950404654404192,29.386373682252593,1.2368272940232945,0.3031060711214902,0.18153191736635646,0.008840723986967305,0.1919039213612382,-0.0009012404956914855
33,5033,-119.03870080509839,-119.23101444219057,-0.3846272741843677,True,True,2750,5500,28.0886070728302,2.8950751737389213,30.786723783994077,1.2001216398993422,0.3073882541214021,0.19525820687038337,0.20312370287488835,2.8794839436803565,30.799880809965465,1.2044948880880175,0.30421676563906563,0.19641097015917694,0.022814296970195692,0.20110211997525268,-0.0020215828996356655
34,5034,-126.63692074358104,-126.43384804391108,0.4061453993399198,True,True,3500,13500,59.69350600242615,2.9340091721535484,29.687821110112147,1.1546432265976792,0.2883592282615252,0.1910961971297227,0.20818875017756394,2.9572643544178194,29.509799195190492,1.1539750654084973,0.28563232976240566,0.1919524487888971,0.04074797120429165,0.2033077123392082,-0.004881037838355751
35,5035,-150.6587629003609,-150.54246548087193,0.23259483897794553,True,True,2000,12500,51.0756139755249,2.9571374824679673,29.88507894779641,1.2009672923265804,0.3119473434250387,0.19868962064548354,0.21034919553644207,2.977706537683915,29.38849266675007,1.2226123694348001,0.3069181573341577,0.196572357143639,0.08676190805320565,0.20868680388447228,-0.0016623916519697968
36,5036,-119.62141628513626,-119.39394460874595,0.45494335278061726,True,True,2250,10750,46.050811767578125,2.870459813608017,29.315434402166662,1.182720294248794,0.29143753303045644,0.21826396699214995,0.19828457847033717,2.903689758632468,28.976279866114304,1.157166954579149,0.287131632541631,0.22102262811537068,0.019544158893495138,0.19824936459332626,-3.5213877010914496e-05
37,5037,-142.4243119645799,-142.97574632358604,-1.102868718012246,True,True,5500,19500,90.44921016693115,2.9140063457798395,29.473243853982275,1.1782338368634602,0.32805424396019817,0.18802913442176103,0.2076837648484265,2.850636879638857,29.655660698266114,1.1627668115590493,0.32282846837756846,0.18312206125096125,0.027745043962065292,0.20760295372603582,-8.081112239066712e-05
38,5038,-113.36813498430519,-112.15315342029024,2.429963128029897,True,True,2250,10500,44.85096788406372,3.0252079563153083,28.84600101946976,1.185081833903593,0.292089301596475,0.2114035786403696,0.19700314689783532,2.8237420809017846,29.499097840577036,1.1861967123858896,0.29754039255815207,0.2101927496889317,0.08641781930316739,0.19502805632729572,-0.0019750905705396005
39,5039,-88.35710377339113,-88.23846165423338,0.23728423831551027,True,True,2000,9500,40.90039396286011,2.9769751965733815,30.04700374449744,1.2083374571853482,0.32126702400263946,0.20326159009302652,0.18437838552559355,2.9716766162632617,30.280664308681423,1.2157148968242135,0.31522127668828714,0.20408355394358638,0.01491800266757635,0.1849331748266826,0.0005547893010890426
40,5040,-117.38283361406246,-118.03733057646583,-1.3089939248067424,True,True,3250,7250,36.58057975769043,3.025605282846583,31.458455654458742,1.2065618373420874,0.3112000097463169,0.16657089481524487,0.206435444548796,2.9337172844572263,31.773111825760584,1.1867175170526758,0.31431136885029426,0.16664352848097155,0.054679740720190696,0.20519432884006808,-0.0012411157087279245
41,5041,-112.11621353465321,-111.56377241147429,1.104882246357846,True,True,2000,14250,61.20441699028015,3.0669627528716377,30.8037611141713,1.1809361843434167,0.3260589625552819,0.19295773126830698,0.19525496884879517,3.001443423480033,30.612402611130122,1.18345374298815,0.32231740409088083,0.19619855166169056,0.05803849240569911,0.1955129613273098,0.00025799247851462925
42,5042,-93.29133111508384,-93.01159200311685,0.5594782239339793,True,True,4250,21500,93.69964408874512,3.0361108558326944,29.791489448557126,1.1753572238622647,0.262223495808433,0.18980912522730636,0.19737956050973526,2.969029632679728,29.69468786801574,1.1765352107211249,0.2609785577473058,0.19358274209751272,0.007284640015712591,0.19643668849782395,-0.0009428720119113165
43,5043,-115.97372082120773,-115.22447188470993,1.498497872995614,True,True,2000,9250,42.73255395889282,3.1424632377492254,30.571412685556197,1.1926522825817878,0.29718337798271294,0.1821649180296516,0.20269889587782836,3.044733223693676,30.744362096883634,1.1995897547193624,0.2988537221125089,0.18350131535925965,0.019152447129393797,0.20166298006980404,-0.0010359158080243125
44,5044,-143.12379633913906,-142.92587717655783,0.3958383251624582,True,True,4250,5250,35.34613609313965,3.118729030536179,29.89463147184152,1.1743713223117351,0.3105116556299295,0.2223199480561184,0.20378442298721527,2.9951816282034844,29.7510210864262,1.1805926381552143,0.3056095517787009,0.22019429979798058,0.013724768568092174,0.20460533848966808,0.000820915502452807
45,5045,-112.56542498387667,-112.35613539357817,0.41857918059699273,True,True,5500,18250,86.84819912910461,3.2970040291385447,28.885231753939777,1.1704411382448165,0.298428835711549,0.1926845512396435,0.19388518745855107,3.182848477591418,28.97765473747676,1.1794025393996868,0.2962282643031205,0.18969064828767604,0.009953299719617505,0.1953060954851354,0.0014209080265843166
46,5046,-140.2496502371548,-138.96212160718812,2.5750572599333736,True,True,2250,10000,45.925899028778076,2.9550366584047563,30.13414638387839,1.1935876538603216,0.32012954459165327,0.1828717848360493,0.21115530608513858,2.7906587950038775,30.602447115350856,1.2063827351691825,0.3231816189898154,0.17874259524148597,0.1571110595388523,0.20454224937098112,-0.0066130567141574614
47,5047,-103.99667413526893,-102.91704318434489,2.159261901848083,True,True,5500,7500,47.014657974243164,3.0589912271713535,30.17477115826334,1.1470523043167138,0.3035729850664312,0.1947844007307197,0.19560995267411344,2.916945337304299,30.33041892835584,1.1519008954708483,0.30450318813470545,0.1908171831216062,0.11643895243583202,0.1921320643772473,-0.0034778882968661273
48,5048,-149.3337575109112,-145.16112473667306,8.345265548476277,True,True,2000,10250,46.7927610874176,3.0924121006455914,29.375972740385905,1.2157898686306792,0.34034728843555356,0.2053217253588958,0.2009312002693271,3.0800785163814393,29.341746060985805,1.1942737226860987,0.34143287272906087,0.19715029884406232,0.18012190455742674,0.1943846595960646,-0.006546540673262491
49,5049,-131.78721831415143,-132.4994722067539,-1.4245077852049235,True,True,3000,18250,76.95656180381775,3.0387317397449336,29.64913904401482,1.2183301320103759,0.28930436501981777,0.1951599066968988,0.20562558084693247,2.9861946767307614,30.037360868872895,1.2177656731017643,0.2891055319871258,0.1871045603205494,0.008318351537463065,0.2073808818009289,0.0017553009539964248
50,5050,-85.1576390705401,-84.80424823170806,0.7067816776640825,True,True,3250,16250,70.74951601028442,2.9759853120801663,29.562199092048452,1.1519223397024907,0.2738886165310753,0.19307537151635187,0.19281955256089062,2.8834659538105356,29.703897819038875,1.1709291259756893,0.2706149669466945,0.1941222293653984,0.01569814775719185,0.1910575965173897,-0.0017619560435009063
51,5051,-102.64992952185656,-102.6299487573244,0.03996152906432826,True,True,5000,14500,69.14858293533325,3.0448883420643282,30.436806018447175,1.206800586608251,0.2563147102748024,0.1889619394444118,0.19861185900303543,3.0821026353622045,29.98568659411354,1.2156296417503683,0.2534831144051675,0.19054824335139478,0.010133548659955654,0.20122092196002422,0.002609062956988789
52,5052,-129.89943893367882,-130.3520260310994,-0.9051741948411518,True,True,2500,9750,44.27666211128235,3.161881686391143,30.276123307609854,1.2030141678620203,0.2807053258350329,0.19526684056186788,0.20572378816744336,3.1294169809969414,30.226809816064048,1.1885289464258826,0.2844993274573371,0.19199226685210977,0.017345833077603068,0.2045967889458925,-0.0011269992215508506
53,5053,-121.99233127965752,-122.04894390116708,-0.11322524301911585,True,True,5500,15500,74.28794717788696,3.1542423672406485,31.504570628465117,1.2224885089605368,0.305914899464637,0.18962255999173636,0.20396067123250775,3.118467828107388,31.37853772476412,1.207676121462295,0.30106468747442827,0.19025222312116358,0.01196903682996503,0.20255109866959267,-0.0014095725629150735
54,5054,-126.65790694650323,-126.30540430914618,0.7050052747140967,True,True,2250,9500,41.99997520446777,2.967256292285638,29.605249557310252,1.2162737895841544,0.2963816997885785,0.2047169552915581,0.20241420378019773,2.963736888212753,29.863565836436432,1.2019550244242685,0.29893241516899455,0.2024998277779404,0.024218798578274917,0.20353114387822394,0.001116940098026209
55,5055,-124.23466473212177,-123.85546195078939,0.7584055626647626,True,True,3000,14250,62.49881100654602,3.0589821683229053,30.114749526965383,1.2135335182376987,0.3284616634788718,0.17606117972324958,0.20209524818761132,2.988451539024254,29.892888170250522,1.1966245710463992,0.32847065169246975,0.17275087143020335,0.010321690408361407,0.2025213909290328,0.00042614274142147024
56,5056,-94.77901260318349,-94.90146071594461,-0.24489622552223977,True,True,2750,11250,51.41076302528381,2.981348575985566,29.71283847406173,1.220748822900453,0.26789364164974516,0.19158376749927675,0.19499241031042805,2.968720687598352,29.610786436042428,1.2234889168723895,0.26739446115962257,0.19377679613863247,0.018532794139749148,0.19565648603648253,0.0006640757260544805
57,5057,-81.21221177653767,-81.02259531248234,0.37923292811066744,True,True,2000,18000,71.63168501853943,2.974835366250833,29.71706941385649,1.2083860985934523,0.29856867692626443,0.17399716635828877,0.18979057631596824,2.9904911007659987,29.277954338213256,1.2070514378489208,0.29761655773919493,0.17113215655375422,0.017398893527305323,0.19084181698230618,0.0010512406663379381
58,5058,-137.8277626308775,-137.80184248419164,0.051840293371697044,True,True,2250,9750,43.045279026031494,2.9990177367101944,28.962334833358316,1.236264558061723,0.31376497231056655,0.1986040206126633,0.20533322412015456,2.909586695211875,28.68410802087759,1.2332733337411654,0.31368166617642934,0.19916769398592638,0.01807348642447889,0.20447153770965293,-0.0008616864105016331
59,5059,-128.00251531112437,-128.39504903921767,-0.7850674561865958,True,True,2250,14250,59.22028112411499,3.0170411895185687,29.774870191971193,1.2045730469449367,0.3045060526512453,0.18379826750655465,0.20430317714696605,2.9486577639158056,29.866756196028447,1.2069365860743055,0.3062430124126343,0.18548114916903338,0.0179236057059222,0.2041885312684299,-0.00011464587853615704
60,5060,-100.94984646623519,-100.1172714801748,1.665149972120787,True,True,2750,13750,57.7991418838501,2.914416659074968,29.6124682147297,1.198012592586682,0.2959714910484748,0.212214120914122,0.18925921098523094,2.9281833791684613,29.433521667272842,1.21622511271495,0.30129813889517865,0.2109593489600869,0.08786535478882306,0.1881154556626131,-0.0011437553226178454
61,5061,-118.57905616248783,-118.41843069930516,0.32125092636533736,True,True,2500,9500,42.04505014419556,3.2578770292301384,30.01697448232444,1.2448177742450652,0.27299086874891776,0.1758968079900819,0.20575455557378008,3.1611675145856375,30.05660348969566,1.25229092224014,0.27044818122556746,0.17295320471453507,0.019276154737658233,0.2057807647443328,2.6209170552710104e-05
62,5062,-114.03191734754407,-112.60987452738854,2.84408564031105,True,True,2750,14750,61.43999791145325,3.0094147762868237,30.334795687879062,1.2742512053079647,0.3037903563006848,0.1823104257153857,0.20054598942854035,2.9991949438077596,29.967804819130283,1.2775627103962603,0.30003440018672667,0.17586742363144034,0.14052351766696672,0.1950208827040261,-0.005525106724514256
63,5063,-103.50447252659131,-104.23545517476762,-1.4619652963526164,True,True,2500,7250,34.13795208930969,2.8132118190492448,29.743537602792546,1.1895228614049314,0.2970474621004929,0.200166279700233,0.19674009176803614,2.7253186527760636,29.83673464676461,1.1976399184469677,0.30416906856766185,0.2002124720266535,0.0664456338009517,0.19460473056555275,-0.0021353612024833935
64,5064,-141.56457451450467,-141.49138191780162,0.146385193406104,True,True,2500,14750,61.56905817985535,3.025981381874297,30.24043336572862,1.19021558338292,0.28429496107799845,0.18069724664308193,0.2142757325309085,2.99557688804421,29.654192713190152,1.20159945672893,0.28743054553337355,0.18238931178390996,0.025924939791360572,0.20998947614860808,-0.00428625638230043
65,5065,-142.7065407630487,-142.51847028175115,0.376140962595116,True,True,3000,12250,53.38462996482849,3.1078295439117776,29.180709363473056,1.1799273309595817,0.3066783161894143,0.2015782484234288,0.20680351055499446,2.9839035972363845,29.701811949613482,1.192993059651467,0.305279858784778,0.20161829685798566,0.08861109464599526,0.20400748404634608,-0.0027960265086483804
66,5066,-97.32456328804184,-96.90592965340463,0.8372672692744345,True,True,2250,9500,41.102808237075806,3.0426879047107187,31.06556016385864,1.2325346885009336,0.2690047397823383,0.20786167353982865,0.19582685325663446,2.9900918336549642,31.46932853624421,1.2089503512232846,0.2713655740845196,0.21033747336926026,0.06651127589841538,0.19216184091764787,-0.003665012338986584
67,5067,-136.35474674646815,-136.34500420832438,0.019485076287537595,True,True,5500,11750,59.157524824142456,2.8963986547704574,29.707124534183336,1.2266214335641465,0.314901152543012,0.1999715083019477,0.20671632099550297,2.9337961335173284,30.103422210804865,1.1991315330328691,0.3130712893673413,0.20776703531231852,0.020395811214255353,0.20413950845630538,-0.002576812539197587
68,5068,-127.45752090583,-128.04670794576418,-1.1783740798683766,True,True,2000,14500,58.59048390388489,3.242315874465325,29.96531317402492,1.1905316246564126,0.3062821482908494,0.20193963170586315,0.1984996628072859,3.043419580628923,30.6489251518945,1.2169020153915426,0.3149640481706146,0.19792531407274702,0.06665426356145164,0.19819247745883173,-0.0003071853484541698
69,5069,-108.52612620739967,-108.82977891904281,-0.6073054232862773,True,True,2500,2500,16.603010892868042,2.953909834673081,30.509914692665788,1.2245827611640168,0.30802230671478625,0.16731337639160487,0.2007744825658864,2.933603920975048,30.08384091645472,1.2230017635326222,0.3097955786212616,0.16543232483319018,0.01704560657133484,0.2013523276378086,0.0005778450719222117
70,5070,-81.68232024479104,-81.43618521469108,0.49227006019992814,True,True,4250,10750,51.186899185180664,2.9829593647429045,28.82951900271573,1.1617374283628403,0.24909212924459936,0.18028766357151108,0.19550032686405386,2.95140651506685,28.799346863525823,1.1504088550328226,0.24968902283223587,0.17961418840353457,0.009252269081859473,0.19624991932932329,0.0007495924652694275
71,5071,-125.94287856781135,-126.00666889593501,-0.12758065624731785,True,True,2500,16250,66.39500212669373,3.016207478749833,29.078900141339073,1.1498640963030216,0.2841211682397508,0.18365917899206066,0.20700175971686863,3.033708159087896,29.04319240981193,1.130169252206106,0.28694149741318775,0.18796220889937967,0.006288562020102708,0.20445117888988684,-0.0025505808269817853
72,5072,-113.36984935085613,-111.71630953317045,3.307079635371366,True,True,6750,11750,62.977466106414795,3.0219318641278603,31.11888103300972,1.2022167097751981,0.32225053340360915,0.1877651348251238,0.20082243412158174,2.9108247945648826,31.468819718711515,1.2031690096847074,0.32024044589894174,0.1823636493836463,0.12178026393633247,0.19760608388733816,-0.0032163502342435757
73,5073,-118.2250356039349,-117.93882414500567,0.5724229178584608,True,True,2000,15000,60.671640157699585,3.1975639899005026,31.159434522812383,1.2107114016507838,0.26986125339756256,0.17608525190985083,0.20731732155647,3.108501297611726,30.838600695413884,1.2356997673540893,0.26995060219084,0.17634069405992442,0.018713964966704306,0.20707794026190476,-0.00023938129456524404
74,5074,-128.61989327359495,-128.22313743430803,0.7935116785738501,True,True,3500,9500,45.11061906814575,2.8824198395277136,29.58221285186798,1.1014666198611334,0.2777569498908018,0.19210118451399233,0.2079810706639924,2.8699202792262706,29.238706907393407,1.1099993781087045,0.28074655378200475,0.19435066326442782,0.014326621947475164,0.20897447640639136,0.0009934057423989506
75,5075,-155.0056246786262,-153.94230352274667,2.126642311759042,True,True,2250,8750,38.519477128982544,3.048597925222892,31.070030578309023,1.2698410975469787,0.29757183333350207,0.20599140340389405,0.21548781977877876,3.0532107517734697,30.876444317320804,1.2584342846831909,0.2975199131326708,0.2049959607887106,0.12727399658095825,0.21184896078302978,-0.003638858995748978
76,5076,-125.0106328129755,-124.31262438135789,1.396016863235218,True,True,5750,18250,88.06916618347168,3.1841854327215255,29.65354416359542,1.2002153526888075,0.27621368757147385,0.22112775621522524,0.1981508502390911,3.090443632815479,29.709760051798096,1.199509279271696,0.2734847955086453,0.22360217395452056,0.01064626099563412,0.19996858612912932,0.0018177358900382246
77,5077,-134.4057874473487,-134.17570566503306,0.46016356463127295,True,True,2500,23000,96.16717481613159,2.9932063142516094,29.887386503013147,1.2122913090141552,0.33768565908989745,0.22810096872736896,0.1949901144361818,2.91319486694469,29.953181765728306,1.2129479018251603,0.33255387216612003,0.22661943544915764,0.00571552956689072,0.19696344928513393,0.001973334848952124
78,5078,-118.30528994026548,-118.04402170079061,0.5225364789497462,True,True,3500,8750,43.91622495651245,3.1172854332950335,28.727062179702457,1.1767722082703824,0.28182253296135024,0.19914850442163573,0.1979012327533908,3.043992199663995,28.844646816297757,1.1782845186187667,0.28283681230423385,0.20279382696709988,0.016039438661536197,0.19893049308341965,0.0010292603300288417
79,5079,-150.72328349764024,-150.65116856540396,0.1442298644725497,True,True,4250,5750,35.16693925857544,3.043054701055219,30.75039887931352,1.218833573848717,0.2998694636298787,0.22071949450556724,0.20927565558615152,2.9408265164125673,30.37186079561168,1.2245739740942456,0.3041218157690377,0.22150408441849553,0.008847874807605542,0.20863199713485714,-0.0006436584512943822
80,5080,-126.98967281812573,-126.79357623105386,0.3921931741437277,True,True,5500,17500,85.8712546825409,2.994226990763214,29.24134141320737,1.1727039889054653,0.3121546964704101,0.2109123399838355,0.2000431398857649,2.917108951039479,29.34803655142638,1.1782849891925955,0.31172723944826397,0.20624609017343526,0.018799754133905753,0.20080082552347642,0.0007576856377115304
81,5081,-85.17456762703543,-84.71407174599614,0.9209917620785859,True,True,5000,13500,69.1649580001831,2.8888444529816315,29.479152655940528,1.1823741747192205,0.3015009867462053,0.17721324437210811,0.19092042577550905,2.9342076831328816,29.45092946453711,1.1793222054295351,0.29848153386380777,0.173040178982359,0.01388624208524719,0.1904968895300627,-0.0004235362454463598
82,5082,-131.60034350360698,-131.13146896063202,0.9377490859499176,True,True,2000,19500,83.56551790237427,2.863530088559702,29.08940637846607,1.1592399439383658,0.3447218851855156,0.19372719809538652,0.20266133105653672,2.7890924837773423,29.270261624997694,1.1658256367244957,0.341284144413807,0.19304664500556387,0.04816232474949676,0.20059805956125215,-0.0020632714952845688
83,5083,-77.22871776198487,-76.47915819930373,1.4991191253622844,True,True,5750,18000,89.80849623680115,3.089777918138206,29.853520266041457,1.2465660578155418,0.2520165620404822,0.17205999043507558,0.19544174780644752,3.111384237657358,30.219259649112036,1.237274204219853,0.25320699752022663,0.17815540226229867,0.016823650208208023,0.19416817088450844,-0.0012735769219390791
84,5084,-85.47019076061234,-85.13516162718898,0.6700582668467234,True,True,2000,13500,60.5164840221405,3.0801649621388107,30.937337809121082,1.2606422892775437,0.2705634556965607,0.17477712226229994,0.1964292977297793,3.035290922377498,30.957248587449005,1.24867064598757,0.2677998481040551,0.17448394950649665,0.03146073197296287,0.19672319583374337,0.00029389810396407423
85,5085,-113.64484385309078,-113.351720337547,0.5862470310875665,True,True,3000,5750,33.15330982208252,3.077004305890848,30.63407774524697,1.2253603068497336,0.27382448959592776,0.20882119415479453,0.20151185811799355,2.981841665414416,30.587335215403275,1.2294804485590494,0.27335519391940977,0.20929008908526295,0.010607021501023037,0.20137178387698554,-0.00014007424100800914
86,5086,-124.69589612828992,-124.66130509799068,0.06918206059847876,True,True,2250,14500,64.00181293487549,3.1381144017531297,30.19206681025734,1.2492773984549053,0.28298030913270433,0.21985481176147592,0.19922348046878904,3.0602044814494676,30.103094060934676,1.2411303424423155,0.28335144089123926,0.22104294315281145,0.013123064288709142,0.20128330408012865,0.0020598236113396062
87,5087,-92.66403387653179,-93.35897749362307,-1.3898872341825665,True,True,2000,19500,81.64273262023926,2.9600405618925607,30.128222821072224,1.1690385718453558,0.29879824613682626,0.1660071007925795,0.19755834584220003,2.918168162320794,30.55190388474947,1.1629627073513185,0.2988078878659286,0.16362056430284336,0.007782408153031375,0.19693488668961762,-0.0006234591525824118
88,5088,-120.59035013511183,-119.95394372601761,1.2728128181884415,True,True,2250,18000,76.87081694602966,3.0738984886109986,28.988246719397033,1.19554434733431,0.27563650674644474,0.2118594299595631,0.19993212149055894,3.009055703845913,29.299292682028327,1.198664742605503,0.2743651170082005,0.21189261626561892,0.012831060525211435,0.20028781454381658,0.00035569305325763856
89,5089,-92.35471863586278,-92.02806190170602,0.6533134683135131,True,True,3500,17750,81.07509684562683,2.9137816492894766,30.829506887173224,1.1844362501446708,0.2915362865362196,0.19141465134738472,0.1953449248284827,2.8944738018168503,30.963419662677772,1.1817098216807538,0.29009849826567974,0.19147104724454955,0.0062984228647965,0.19486594796580797,-0.0004789768626747293
90,5090,-88.54991811985798,-88.749517675132,-0.39919911054803947,True,True,4250,16250,77.02480721473694,3.0849459040996434,30.595546969076732,1.2588372038491868,0.30100489065034375,0.20119055025051322,0.18685642412455084,3.0990824378287503,30.538492078115596,1.254154023708991,0.2985174750589259,0.1999420144516905,0.010415472600665786,0.1874412096052472,0.0005847854806963759
91,5091,-119.33410842414033,-119.08605792166557,0.4961010049495087,True,True,4500,18000,82.09245896339417,2.939783612869521,30.354229570941058,1.2241658430167772,0.30034303416794556,0.1858048786894871,0.20462227387704873,2.8838301170451333,30.644044952841327,1.2191772194260275,0.30018883460366047,0.18836371191904516,0.01019769862397544,0.20372293882406614,-0.0008993350529825916
92,5092,-101.9256107455295,-101.39903312773983,1.0531552355793394,True,True,3500,18250,80.07371497154236,3.1834034131142186,30.188208064697463,1.1734786295725856,0.29668188052590166,0.18493275755439612,0.19359213612585316,3.1372468695766034,29.88573813213225,1.18550539719478,0.2970135622360729,0.1853310185110209,0.007120865038151157,0.1934724729304836,-0.00011966319536954595
93,5093,-87.06303227375963,-86.90538237167493,0.31529980416939907,True,True,2250,14500,62.77451801300049,2.922605877097737,30.58755477776676,1.236006714429486,0.2654283365458868,0.17330376826600039,0.20001524059597636,2.979060159093555,30.45218230875646,1.2376846940350672,0.26331825456277536,0.1723951737791105,0.03078028957592548,0.19809370782136979,-0.001921532774606577
94,5094,-109.44795977249775,-109.20548295184187,0.4849536413117619,True,True,3000,11750,55.330618143081665,3.1107317615093204,29.630286144115328,1.1822861001896177,0.26865951347937755,0.20812534216915313,0.19691341660711303,3.1040343869991958,29.46455350464771,1.1588331273978978,0.2690390831619218,0.2085943312324509,0.009583602367096563,0.19684127016115982,-7.214644595321396e-05
95,5095,-108.3355568396048,-108.16567084651582,0.3397719861779649,True,True,6250,13500,67.21745681762695,2.9800227913617348,30.147161466512816,1.2181595331941013,0.29080688433396845,0.1866858652922005,0.2005463394868128,2.9975519081518835,30.019120051781417,1.1990054261283762,0.290756663501354,0.18639758437259726,0.008629861853743226,0.19999251781590774,-0.0005538216709050636
96,5096,-105.28037989837264,-105.07137172790351,0.4180163409382658,True,True,2250,14500,47.11292576789856,2.958689132247429,30.346990716255295,1.2338919801197792,0.30783596698373,0.18275075559065965,0.19646998996081635,3.025491557920421,30.318082546707082,1.2319000458073561,0.30840900518885106,0.17874567510719752,0.09717186801696329,0.19410018725446415,-0.002369802706352203
97,5097,-103.353427898337,-103.21654768115441,0.2737604343651867,True,True,5250,13000,49.130208015441895,2.9637239588872375,30.895107529983356,1.2141853455642402,0.32847250831447083,0.18807233911667415,0.1944299248492649,2.912719424980241,31.044845601571673,1.1934592506131496,0.3284882132873524,0.1873926161936403,0.03619096826217361,0.19392169457697275,-0.0005082302722921594
98,5098,-106.78869464598353,-106.14218257978823,1.2930241323905989,True,True,5500,13500,40.28857183456421,3.0739534408753624,28.889847831653583,1.170051110036323,0.29076902791040554,0.1948017611792107,0.19540667322773791,2.949340943787045,29.17299521469096,1.1850499834315396,0.29883065567657496,0.19055293767517187,0.01587274437689941,0.19396390783989897,-0.0014427653878389401
99,5099,-143.411123807113,-143.24407174060826,0.3341041330094754,True,True,4500,12250,36.55107307434082,3.0540135298355855,29.780311191719054,1.2070948780612785,0.30911378913626464,0.18746685309158204,0.2073175921392098,3.025880379079279,29.36087094668058,1.2176593369311897,0.3108603625122247,0.18895911996322287,0.0716658756094125,0.20845000028517777,0.0011324081459679614
